Name,Rating,Review_Count,Industry,Description,Relative_Link
Field inspector,N/A,N/A,N/A,N/A,/cmp/Field-Inspector-2
GIS Field Services,2.8,22 reviews,Real Estate,"GIS Field Services was founded in 1998. We provide mortgage occupancy and loss mitigation inspection services. We have full state coverage in AL, AR, DC, LA, TN, TX and we are currently expanding.",/cmp/GIS-Field-Services-2
Seek Now,4.2,52 reviews,N/A,N/A,/cmp/Seek-Now
Preferred Reports LLC,3.6,43 reviews,Insurance,Risk Control Done Right,/cmp/Preferred-Reports-LLC
Quiktrak,3.0,90 reviews,Financial Services,Quiktrak is a leading provider of risk management services and technology. Quiktrak combines technology with a global network of inspectors and auditors to protect your assets.,/cmp/Quiktrak
"Leeway Inspection Company, Inc",5.0,4 reviews,"Construction, Repair & Maintenance Services",N/A,"/cmp/Leeway-Inspection-Company,-Inc"
Collateral Specialists,4.1,18 reviews,Financial Services,"For over 29 years, we have been delivering field inspections across all 50 states. Our services help financial institutions track, verify, and audit collateral for a wide range of industries, includin",/cmp/Collateral-Specialists
FAR Inspections,1.8,8 reviews,N/A,N/A,/cmp/Far-Inspections
Southern National Roofing,3.8,159 reviews,"Construction, Repair & Maintenance Services",Be a part of the environmentally-conscious home improvement movement! Apply today to see how SouthernNational can launch your career to new heights!,/cmp/Southern-National-Roofing
JMI Reports,N/A,N/A,Insurance,N/A,/cmp/Jmi-Reports-2
Hancock Claims Consultants,3.1,122 reviews,Insurance Carriers,Our focus on progress through innovation & commitment to the evolving needs of the Property & Casualty Insurance Industry earned Hancock the recognition as the premier national property inspection co.,/cmp/Hancock-Claims-Consultants
CIS Group of Companies LLC,3.4,60 reviews,Food & Beverage Manufacturing,N/A,/cmp/Cis-Group-of-Companies-LLC
ID Plans Corp.,2.9,31 reviews,Property Management,"ID Plans helps property owners manage commercial real estate remotely, with instant access to every detail of a property.",/cmp/Id-Plans-Corp.-1
Cardinal Field Services,N/A,N/A,Debt Relief,"At Cardinal Field Services, we believe there is a better way to connect with borrowers than the traditional collections process.",/cmp/Cardinal-Field-Services
"Allegheny Inspections, LLC",2.3,4 reviews,Insurance,"Allegheny Inspections is a nationwide provider of physical, telephone and electronic insurance underwriting surveys and loss control reports for the insurance industry.","/cmp/Allegheny-Inspections,-LLC-1"
SDMyers,3.1,30 reviews,Energy & Utilities,N/A,/cmp/Sdmyers
Alliance Inspection Management,3.0,223 reviews,Not available,"AiM is a national provider of vehicle inspection services, and the industry standard in vehicle inspections.",/cmp/Alliance-Inspection-Management
Congruex,2.4,45 reviews,Telecommunications,Congruex is a multi-national broadband network engineering and construction company within the telecommunications industry. We offer service providers stand alone or turn-key solutions at full-scale.,/cmp/Congruex
Mueller Reports,2.5,920 reviews,Real Estate,"At Mueller Reports, every position in the company is important. We are committed to teamwork, cooperation, and quality service.",/cmp/Mueller-Reports
AECOM,3.7,"5,516 reviews",Architectural & Engineering Services,We are the trusted global infrastructure leader.,/cmp/AECOM
LSCG,2.3,46 reviews,Construction,"LSCG is the nation’s premier builder of next-generation communications infrastructure for telecom, cloud, cable, state and local government, and utilities.",/cmp/Lscg-2
Railroad Commission of Texas,3.5,51 reviews,N/A,N/A,/cmp/Railroad-Commission-of-Texas
Orbital Engineering,3.5,52 reviews,"Construction, Repair & Maintenance Services","Orbital Engineering is an employee- and client-focused EPCM firm that is ready to serve your civil, electrical, and mechanical needs.",/cmp/Orbital-Engineering-2
Telgian Corporation,2.7,57 reviews,Construction,N/A,/cmp/Telgian-Corporation
Coastal Gulf & International Inc,3.0,49 reviews,N/A,Coastal Gulf & Internationals mission is to achieve customer satisfaction by continually IMPROVING processes and services to ensure these services CONSISTENTLY exceed customer expectations,/cmp/Coastal-Gulf-&-International-Inc
K&A Engineering Consulting,3.3,18 reviews,"Energy, Mining & Utilities",N/A,/cmp/K&A-Engineering-Consulting
Tremco CPG Inc.,3.3,163 reviews,"Construction, Repair & Maintenance Services",N/A,/cmp/Tremco-Cpg-Inc.
Precision Pipeline Solutions,3.3,142 reviews,Energy & Utilities,"Precision Pipeline Solutions, LLC aspires to be the industry-leader in utility consultation and services.",/cmp/Precision-Pipeline-Solutions
"Reliable Reports, Inc.",3.1,190 reviews,Insurance,N/A,"/cmp/Reliable-Reports,-Inc."
Sorensen Companies,3.3,16 reviews,N/A,N/A,/cmp/Sorensen-Companies
Performance Systems,N/A,N/A,Energy & Utilities,"PSD’s leading industry experts translate building science expertise into innovative energy efficiency programs, engineering services, training, & powerful software tools. We have a deep understanding",/cmp/Performance-Systems-2
Mortgage Bankers Field Services,2.9,19 reviews,N/A,N/A,/cmp/Mortgage-Bankers-Field-Services
McConkey Auction Group,3.1,35 reviews,Not available,N/A,/cmp/Mcconkey-Auction-Group
State of Idaho,3.6,217 reviews,Government & Public Administration,N/A,/cmp/State-of-Idaho
Turner Pest Control,3.1,84 reviews,Personal Consumer Services,"Turner Pest Control was founded in 1971 as a family-owned company based in Jacksonville, Florida. In 50 years, we’ve become one of the fastest-growing companies in Florida and South Georgia.",/cmp/Turner-Pest-Control
BHC,3.0,19 reviews,N/A,N/A,/cmp/Bhc-434798a4
ADB Companies,2.9,157 reviews,"Construction, Repair & Maintenance Services",ADB Companies provides turnkey technology infrastructure solutions across the nation.,/cmp/Adb-Companies
Inframark,3.4,173 reviews,"Energy, Mining & Utilities","Grounded in years of expertise and guided by our longstanding Principles of Pure Partnership™, our 1,500 dedicated employees",/cmp/Inframark
"G3 Quality, Inc.",N/A,N/A,N/A,N/A,"/cmp/G3-Quality,-Inc."
Hissho Sushi,3.4,42 reviews,Restaurants & Food Service,Hissho is a rapidly growing multi-million dollar national company providing freshly prepared meal solutions!,/cmp/Hissho-Sushi
Purple Wave Auction,N/A,N/A,N/A,N/A,/cmp/Purple-Wave-Auction-1
State of Georgia,3.3,349 reviews,Government & Public Administration,N/A,/cmp/State-of-Georgia
Atlas Technical Consultants,3.4,45 reviews,Construction,"We strive to be the most sought-after infrastructure and environmental solutions company, known for our unique, values-driven approach and brought to life by the industry’s most exceptional people.",/cmp/Atlas-Technical-Consultants-2
WeGoLook,3.2,66 reviews,Information Technology,"WeGoLook is an on-demand field services company leveraging a mobile workforce of 30,000+ Lookers to complete inspections and custom tasks.",/cmp/Wegolook
JMI Reports,2.9,127 reviews,Insurance,JMI Reports is a leading provider of property surveys primarily in the insurance industry.,/cmp/Jmi-Reports
Illinois Crop Improvement Association,3.2,6 reviews,Crop Production,N/A,/cmp/Illinois-Crop-Improvement-Association
KY Field Services,N/A,N/A,Transportation & Logistics,N/A,/cmp/Ky-Field-Services
Oklahoma Health Care Authority,3.8,60 reviews,Healthcare,"We work to ensure Oklahomans have access to better health and better care, regardless of their ability to pay.",/cmp/Oklahoma-Health-Care-Authority-1
Waggoner Engineering,3.9,15 reviews,N/A,N/A,/cmp/Waggoner-Engineering
Pinellas County Government,3.7,155 reviews,Government & Public Administration,Our employees deliver first class service & make a difference in the community. Join our team! #WorkGrowMatter,/cmp/Pinellas-County-Government
Merchandiser,4.3,4 reviews,Retail & Wholesale,N/A,/cmp/Merchandiser-2e108e8e
Driveline Retail Merchandising,3.1,"1,701 reviews",Retail & Wholesale,Driveline is the largest non-broker merchandising services agency in the country. We offer competitive wages and opportunities to advance.,/cmp/Driveline-Retail-Merchandising
Footprint Solutions,3.8,389 reviews,Retail & Wholesale,footprint Solutions is the leading national provider of in-store services to major retailers and consumer packaged goods manufacturers.,/cmp/Footprint-Solutions
Swire Coca-Cola,2.8,940 reviews,Manufacturing,"Swire Coca-Cola USA is your local bottler, delivering refreshment to the communities we call home. We manufacture, distribute, and sell Coca-Cola and other beverage brands in 13 states across the Amer",/cmp/Swire-Coca--cola
American Greetings,3.7,"1,936 reviews",Manufacturing,American Greetings is a creator and manufacturer of products that assist consumers in making the world a more thoughtful and caring place.,/cmp/American-Greetings
Frito-Lay,3.2,"10,147 reviews",Manufacturing,"Frito-Lay is the undisputed leader in the snack food industry. The best retail jobs, manufacturing jobs, and trucking jobs are at Frito-Lay!",/cmp/Frito--lay
Sam's Club,3.4,"28,051 reviews",Retail & Wholesale,N/A,/cmp/Sam's-Club
Schwan's Company,3.0,"2,035 reviews",Manufacturing,Our Passion is Our Food. Our Secret is Our People.,/cmp/Schwan's-Company-8
Costco Wholesale,4.0,"17,870 reviews",Retail & Wholesale,"Headquartered in Issaquah, Washington, Costco is the largest wholesale club operator in the United States, and the third-largest retailer in the U.S.",/cmp/Costco-Wholesale
Reyes Coca-Cola Bottling,2.5,917 reviews,Food & Beverage Manufacturing,"Reyes Coca-Cola Bottling (RCCB) is a West Coast and Midwest bottler and distributor of Coca-Cola, Dr Pepper and Monster brands, and operates across 10 states.",/cmp/Reyes-Coca--cola-Bottling
"Coca-Cola Bottling Company UNITED, Inc.",3.1,628 reviews,Manufacturing,Coca-Cola Bottling Company UNITED is the second largest privately held Coca-Cola bottler in North America and the third largest bottler of Coca-Cola products in the United States.,"/cmp/Coca--cola-Bottling-Company-United,-Inc."
Apollo Retail Specialists,3.1,607 reviews,Retail & Wholesale,"At Apollo, we create value through custom retail solutions. We tackle merchandising projects, remodels, new stores, fixture installation, in-home assembly, seasonal demand surge and more!",/cmp/Apollo-Retail-Specialists
"Falcon Farms, Inc",3.8,317 reviews,Retail & Wholesale,N/A,"/cmp/Falcon-Farms,-Inc"
Admiral Beverage Corporation,3.1,248 reviews,Transportation Management,Admiral Beverage Corporation Join the company that offers the best benefits in the beverage industry! Message or click our website link for more info. Let us invest in YOU.,/cmp/Admiral-Beverage-Corporation
PL Marketing,3.4,411 reviews,Grocery Stores,N/A,/cmp/PL-Marketing
Red Bull,3.8,"1,691 reviews",Consumer Product Manufacturing,Become part of the global Red Bull team with more than 15'000 employees in over 175 countries worldwide.,/cmp/Red-Bull
Shiftsmart,3.1,527 reviews,Management & Consulting,"Our culture starts with our people. Every team member believes in growing together. We work hard, shift fast, and are 100% committed to our mission of increasing every worker's quality of life.",/cmp/Shiftsmart
Coca-Cola Beverages Northeast,3.3,228 reviews,Food & Beverage Manufacturing,"At Coca-Cola Beverages Northeast, we deliver more than your favorite beverages. We deliver on a promise – to create moments of optimism and refresh the communities we are fortunate to serve.",/cmp/Coca--cola-Beverages-Northeast
Coke Florida,2.8,"1,260 reviews",Manufacturing,N/A,/cmp/Coke-Florida
Pepsi Bottling Ventures,3.0,584 reviews,Manufacturing,"Pepsi Bottling Ventures LLC (PBV) is the largest privately-held Pepsi-Cola bottler in North America. We make, sell, and distribute over 700 Pepsi beverage brands! Our story is the story of success!",/cmp/Pepsi-Bottling-Ventures
Bell Nursery,3.4,228 reviews,Agriculture,"Bell Nursery is the largest wholesale nursery grower in the mid-Atlantic, producing and shipping approximately 100 million plants each year.",/cmp/Bell-Nursery
Beeline Group,3.2,205 reviews,Retail & Wholesale,N/A,/cmp/Beeline-Group-6
"Core-Mark International, Inc.",2.8,"2,785 reviews",Retail & Wholesale,Our success comes from both the power of our individual team members and working together as a team. Discover the power of one—strengthened by all—at Core-Mark.,"/cmp/Core--mark-International,-Inc."
accelerate360,3.7,47 reviews,Wholesale,"We unlock growth for retailers and brands with unique solutions connecting culture, content, and commerce.",/cmp/Accelerate360-4
"Coca-Cola Consolidated, Inc.",3.0,"1,841 reviews",Food & Beverage Manufacturing,"Coke Consolidated is the largest Coca-Cola bottler in the U.S. For 119 years, we've been committed to the communities we serve and passionate about the broad portfolio of beverages we offer.","/cmp/Coca--cola-Consolidated,-Inc.-2"
Buffalo Rock Company,3.0,512 reviews,Manufacturing,"The mission of the Buffalo Rock Company is to be the premier provider of beverages and food products. We have 10 divisions inclusive of 2,100 employee-partners who are committed to this mission.",/cmp/Buffalo-Rock-Company
Atlantic Coca-Cola Bottling Company,2.4,32 reviews,Manufacturing,"Atlantic Coca-Cola Bottling Company is a private, family-owned independent bottler and distributor of Coca-Cola products.",/cmp/Atlantic-Coca--cola-Bottling-Company
Smith Gardens,3.8,146 reviews,"Forestry, Logging & Timber Operations","Our people are our greatest assets, and we recognize that our ability to provide quality plants rests in the hands of every one on our team!",/cmp/Smith-Gardens
Claire's,3.2,"5,636 reviews",Retail & Wholesale,Claire’s is a leading retailer of fashion jewellery and accessories. Our vision is to inspire everyone to become their best selves.,/cmp/Claire's
Signature Retail Services,2.9,163 reviews,Retail & Wholesale,Signature Retail Services is the industry’s premier merchandising & fixture installation organization operating across all 50 States.,/cmp/Signature-Retail-Services
Viking Coca-Cola Bottling Co.,2.5,127 reviews,Food & Beverage Manufacturing,Viking Coca-Cola is one of the largest Coca-Cola bottlers in the United States.,/cmp/Viking-Coca--cola-Bottling-Co.
Alliance Beverage,3.6,95 reviews,N/A,"Family owned and operated, Alliance Beverage Distributing is proud to offer a wide variety of beverages to local retail establishments, restaurants, and neighborhood taverns.",/cmp/Alliance-Beverage
Goodwill Industries,3.4,"20,831 reviews",Nonprofit & NGO,N/A,/cmp/Goodwill-Industries
Hensley Beverage Company,2.9,168 reviews,Retail & Wholesale,N/A,/cmp/Hensley-Beverage-Company
Goodwill Easter Seals Minnesota,3.5,352 reviews,Nonprofit & NGO,N/A,/cmp/Goodwill-Easter-Seals-Minnesota
Hayden Beverage Company,3.2,119 reviews,Retail & Wholesale,"Family-owned beverage distributor of beer, wine, Red Bull, coffee, and premium non-alcoholic beverages statewide across ID, MT, and Spokane, WA!",/cmp/Hayden-Beverage-Company
PepsiCo,3.7,"21,141 reviews",Food & Beverage Manufacturing,PepsiCo products are enjoyed by consumers more than one billion times a day in more than 200 countries and territories around the world.,/cmp/PepsiCo
"Lewis Bakeries, Inc.",3.2,251 reviews,Shipping & Trucking,Lewis Bakeries is one of the few remaining independent bakeries in the Midwest and the largest wholesale bakery in Indiana.,"/cmp/Lewis-Bakeries,-Inc."
ABARTA Coca-Cola Beverages,3.4,378 reviews,N/A,"ABARTA Coca-Cola Beverages is a family-owned company and a subsidiary of ABARTA, a diversified third- and fourth- generation family business.",/cmp/Abarta-Coca--cola-Beverages
Andrews Distributing,3.6,169 reviews,Retail & Wholesale,"Here at Andrews we believe you work better when your work has purpose and meaning. You will be inspired, challenged, and valued. Most importantly, you will find purpose and discover your best work!",/cmp/Andrews-Distributing
ProGro Partners,3.5,68 reviews,Floral Nursery,ProGro Partners is a sister company to Olson's Greenhouse focusing on the maintenance and service of live goods inside big box stores.,/cmp/Progro-Partners-7f8fc7ce
Kalan LP,4.4,145 reviews,"Gift, Novelty & Souvenir Stores",Kalan is a third generation small business bringing fun and trendy products to the marketplace for over 50 years.,/cmp/Kalan-Lp
The Odom Corporation,3.5,144 reviews,Retail & Wholesale,"Until then, see what we’ve been up to on Instagram, Facebook & Twitter. Thank you for your interest in joining our organization.",/cmp/The-Odom-Corporation
Survey.com,3.1,167 reviews,Information Technology,Survey.com’s crowdsourced workforce data collection technology give businesses a new way to measure and improve their retail execution.,/cmp/Survey.com
Watkins Distributing,3.1,17 reviews,Food & Beverage Stores,N/A,/cmp/Watkins-Distributing
Dollar Tree,3.2,"27,395 reviews",Retail & Wholesale,"Dollar Tree is headquartered in Chesapeake, VA, and we operate 9,000+ stores across the 48 contiguous states and five Canadian provinces.",/cmp/Dollar-Tree
Kalamazoo Flower Group,3.9,151 reviews,Retail & Wholesale,Kalamazoo Garden Solutions is the merchandising team for Kalamazoo Flower Group.,/cmp/Kalamazoo-Flower-Group
Stew Leonard's,3.7,447 reviews,Grocery Stores,N/A,/cmp/Stew-Leonard's
Ozarks Coca-Cola/Dr Pepper Bottling Company,3.1,85 reviews,Retail & Wholesale,N/A,/cmp/Ozarks-Coca--cola-Dr-Pepper-Bottling-Company
The InStore Group,3.4,149 reviews,General Merchandise & Superstores,"Work with top retailers on resets, displays, and audits. InStore Group offers flexible schedules, competitive pay, mobile tools, and support from District Operations and a toll-free help desk.",/cmp/The-Instore-Group
Auditor,N/A,N/A,N/A,N/A,/cmp/Auditor-1
PARKING MANAGEMENT COMPANY,3.4,401 reviews,Parking & Valet,Parking Management Company (PMC) — Delivering first-class first and last impressions for over 25 years.,/cmp/Parking-Management-Company
"Capstone Logistics, LLC",2.6,"3,069 reviews",Transportation & Logistics,"Capstone Logistics, LLC. is the leading performance workgroup partner in the United States. With over 347 operating locations.","/cmp/Capstone-Logistics,-LLC"
CLEAResult,3.2,339 reviews,"Energy, Mining & Utilities",We change the way people use energy™,/cmp/Clearesult
"Information Providers, Inc",3.0,108 reviews,Insurance,"""Our business is helping you look at your business.""","/cmp/Information-Providers,-Inc"
"Carr, Riggs & Ingram, LLC",3.2,113 reviews,Legal,CRI is a top 20 Public Accounting firm labeled one of the fastest growing accounting firms in the country,"/cmp/Carr,-Riggs-&-Ingram,-LLC"
Verify Inc.,3.7,3 reviews,Aerospace & Defense,"For over 40 years Verify has been a trusted resource to over 400 companies in aerospace, defense and quality critical industries.",/cmp/Verify-Inc.-4
UHY LLP,3.5,80 reviews,Accounting & Tax,"We've set our course and mapped out our plan. Now, we need more great people to make it happen. Take a journey with us. Life@UHY.",/cmp/Uhy-LLP
RGIS,3.2,"7,303 reviews",Information Technology Support Services,N/A,/cmp/Rgis-33e70c98
DNV,3.8,437 reviews,Management & Consulting,"DNV is a global assurance and risk management company, driven by our purpose of safeguarding life, property and the environment.",/cmp/Dnv
Amazon.com,3.5,"54,225 reviews",Retail & Wholesale,Our mission is to be Earth's most customer-centric company.,/cmp/Amazon.com
Florida Auditor General,4.0,5 reviews,Government & Public Administration,N/A,/cmp/Florida-Auditor-General-1
Caesars Entertainment,3.6,"5,707 reviews",Gambling,Over 50 Destinations. One Empire.,/cmp/Caesars-Entertainment
Marriott International,4.0,"25,998 reviews",Hotels & Travel Accommodation,"With more than 8,300 hotels and 30+ hotel brands worldwide, the career opportunities with Marriott are endless. Experience our story.",/cmp/Marriott-International
Sedgwick,2.9,"3,157 reviews",Insurance Agencies & Brokerages,"Sedgwick is the world’s leading risk and claims administration partner, helping clients thrive by navigating the unexpected.",/cmp/Sedgwick
Deloitte,3.9,"13,983 reviews",Accounting & Tax,"We’re a leading professional services firm, but what makes working at Deloitte unique? When you join us, you become connected. To inspiring people. To meaningful work with fascinating clients.",/cmp/Deloitte
Churchill Downs Inc.,3.4,808 reviews,"Arts, Entertainment & Recreation","Headquartered in Louisville, Kentucky, CDI has expanded through the development of live and historical racing, online wagering and the operation and development of regional casino gaming properties.",/cmp/Churchill-Downs-Inc.
KPMG,3.9,"9,666 reviews",Business Consulting,"At KPMG, you'll be able to tap into your skills, expertise and passion to help organizations find sustainable solutions to the world's most pressing issues.",/cmp/Kpmg-0828bc85
State of Illinois,3.7,774 reviews,Government & Public Administration,"The name ""Illinois"" comes from a Native American word meaning ""tribe of superior men.""",/cmp/State-of-Illinois
Resource Innovations,2.5,11 reviews,Energy & Utilities,"Resource Innovations, a Woman-Owned company, delivers energy optimization products and services to utilities, communities and businesses across North America.",/cmp/Resource-Innovations
Blue Cross Blue Shield,3.7,"2,925 reviews",Insurance,N/A,/cmp/Blue-Cross-Blue-Shield
WIS International,2.8,"4,748 reviews",N/A,"WIS International is the industry leading expert in global inventory, data collection and technology innovation.",/cmp/Wis-International
M&T Bank,3.4,"2,732 reviews",Financial Services,N/A,/cmp/M&T-Bank
Auto-Owners Insurance,3.5,344 reviews,"Insurance, Insurance","Headquartered in Lansing, Michigan, Auto-Owners Insurance provides personal, commercial and life insurance in 26 states with a simple human sense approach to business.",/cmp/Auto--owners-Insurance
Davies,2.4,173 reviews,N/A,N/A,/cmp/Davies-5
EY,3.9,"10,546 reviews",Accounting & Tax,N/A,/cmp/Ey
The Cincinnati Insurance Companies,3.7,69 reviews,Insurance,N/A,/cmp/The-Cincinnati-Insurance-Companies
MERSINO,3.0,53 reviews,Commercial Equipment Services,N/A,/cmp/Mersino
PacificSource Health Plans,3.2,159 reviews,Insurance,"PacificSource is an independent, not-for-profit community health plan serving the Northwest, with a vision to be the lifelong trusted partner of our members and communities.",/cmp/Pacificsource-Health-Plans
InterBank,4.3,306 reviews,Banking & Lending,N/A,/cmp/Interbank
EXL Service,3.7,"1,985 reviews",N/A,"At EXL, it’s all about outcomes—your outcomes—and delivering success on your terms. Share your goals with us and together, we’ll optimize how you leverage data",/cmp/Exl-Service-3984583b
Quantum Services,2.9,110 reviews,Retail & Wholesale,"Quantum Services is the largest auditing firm to focus on the convenience store market. We seek new employees nationwide who enjoy building relationships, traveling each day and working independently.",/cmp/Quantum-Services
ReSource Pro,3.4,8 reviews,Insurance Agencies & Brokerages,"ReThink your career with ReSource Pro, a global provider of solutions and services to the US insurance industry.",/cmp/Resource-Pro-1
Kroger,3.3,"40,852 reviews",Retail & Wholesale,"At Kroger, we Feed Your Future.",/cmp/Kroger-54356a75
Boyd Gaming Corporation,3.3,855 reviews,Gambling,Boyd Gaming is one of the nation’s leading casino entertainment companies. We currently own and operate 29 gaming properties in ten states.,/cmp/Boyd-Gaming-Corporation
"FROST, PLLC",3.7,16 reviews,Financial Services,"Our services include audit, assurance, tax, business valuation & litigation support, SMB services, business advisory, & cybersecurity.","/cmp/Frost,-Pllc-2"
PPI Quality & Engineering,4.0,2 reviews,"Energy, Mining & Utilities","𝐄𝐧𝐞𝐫𝐠𝐲 𝐢𝐧𝐝𝐮𝐬𝐭𝐫𝐲–𝐟𝐨𝐜𝐮𝐬𝐞𝐝 𝐞𝐧𝐠𝐢𝐧𝐞𝐞𝐫𝐢𝐧𝐠, 𝐨𝐩𝐞𝐫𝐚𝐭𝐢𝐨𝐧𝐬 𝐦𝐚𝐧𝐚𝐠𝐞𝐦𝐞𝐧𝐭 𝐚𝐧𝐝 𝐪𝐮𝐚𝐥𝐢𝐭𝐲 𝐚𝐬𝐬𝐮𝐫𝐚𝐧𝐜𝐞 𝐟𝐢𝐫𝐦.",/cmp/Ppi-Quality-&-Engineering-1
Asbury Automotive Group,3.4,708 reviews,Vehicle Dealers,"Based in Duluth, Georgia, Asbury Automotive Group operates over 90 auto dealerships and 26 collision centers throughout the United States.",/cmp/Asbury-Automotive-Group
McLaren Health Care,3.2,"1,801 reviews",Healthcare,McLaren - Doing What's Best.,/cmp/Mclaren-Health-Care
PICS Inventory Specialists,2.8,247 reviews,Financial Services,The Inventory Company Run By Inventory People.,/cmp/Pics-Inventory-Specialists-6
UPS,3.7,"62,735 reviews",Shipping & Trucking,N/A,/cmp/UPS
Louisiana Legislative Auditor,3.4,19 reviews,N/A,N/A,/cmp/Louisiana-Legislative-Auditor
CNA Insurance,3.6,676 reviews,Insurance,"CNA is one of the largest U.S. commercial property and casualty insurance companies, providing a variety of standard and specialized insurance products and services for businesses and professionals.",/cmp/CNA-Insurance
PeopleShare,4.5,"2,189 reviews",Human Resources & Staffing,"PeopleShare specializes in temp, temp-to-hire, and direct hire staffing in the clerical, light industrial, and financial sectors.",/cmp/Peopleshare
Texas Tech University,4.2,"1,088 reviews",Education,N/A,/cmp/Texas-Tech-University
Baker Newman Noyes,3.6,7 reviews,Accounting & Tax,"If you're looking for a rewarding opportunity in a professional atmosphere with immense positivity, incredible talent, and exciting potential, then Baker Newman Noyes is the place for you.",/cmp/Baker-Newman-Noyes-1
State of Michigan,3.7,"1,934 reviews",Government & Public Administration,"If you're looking for a fullfilling career that can make a real difference in the lives of others, you can find your place working for the State of Michigan!",/cmp/State-of-Michigan
Cotiviti,3.3,642 reviews,Information Technology,Cotiviti is a leading solutions and analytics company that leverages unparalleled clinical and financial datasets to deliver deep insight to the healthcare and retail industries.,/cmp/Cotiviti
Advanced Green Home Solutions,5.0,2 reviews,Energy & Utilities,"Certified Energy Audits, Energy Efficiency Improvements and Solar -- We fix your home or business from the inside and out.",/cmp/Advanced-Green-Home-Solutions
Baptist Health South Florida,4.1,"1,804 reviews",Healthcare,"Baptist Health South Florida is the region's largest not-for-profit healthcare organization with more than 28,000 employees.",/cmp/Baptist-Health-South-Florida
Allstate Insurance,3.6,"10,742 reviews",Insurance,"Allstate Corporation was founded in 1931, and is the second largest personal lines insurance company in the United States.",/cmp/Allstate-Insurance
Erie Insurance Group,3.9,329 reviews,Insurance,"With offices and independent agents spread throughout 12 states and the District of Columbia, becoming a member of the ERIE team is the start of a career filled with potential.",/cmp/Erie-Insurance-Group
UPCIC,3.0,105 reviews,Insurance,Universal Property & Casualty Insurance Company (UPCIC) is a wholly-owned subsidiary of Universal Insurance Holding Company of Florida,/cmp/Upcic
American Family Insurance,3.6,"1,761 reviews",Insurance,"American Family Insurance offers auto, home, life & annuities, health, business and farm & ranch insurance.",/cmp/American-Family-Insurance
Gallagher,3.1,"1,288 reviews",Insurance,"Gallagher, a global insurance brokerage and risk management services firm, helps clients address risk, protect assets and recover from loss.",/cmp/Gallagher-3
"Fort Orange Claim Service, Inc. (FOCUS Adjusters)",4.5,2 reviews,Insurance,N/A,"/cmp/Fort-Orange-Claim-Service,-Inc.-(focus-Adjusters)"
Farmers Insurance Group,3.5,"6,128 reviews",Insurance,"Our companies make up one of the country's largest insurers of vehicles, homes and small businesses and provide a wide range of other insurance and financial services products.",/cmp/Farmers-Insurance-Group
Pilot Catastrophe Services,4.1,554 reviews,N/A,N/A,/cmp/Pilot-Catastrophe-Services
GEICO,3.1,"8,675 reviews",N/A,"At GEICO, the opportunities to grow your talents go beyond what you imagined at an insurance company. Let's get started on your journey.",/cmp/Geico
Alacrity Solutions,3.5,126 reviews,Insurance Agencies & Brokerages,N/A,/cmp/Alacrity-Solutions
Capstone ISG,3.7,18 reviews,Insurance,Capstone ISG provides Insurance Adjusting and Claims Administration Services to the insurance industry.,/cmp/Capstone-Isg
Great West Casualty Company,3.7,61 reviews,Insurance,"Great People, Great Careers, Great West Casualty Company.",/cmp/Great-West-Casualty-Company
USAA,3.7,"5,018 reviews",Insurance Carriers,"USAA is a financial services group that provides insurance, banking, retirement products and advice to the military community.",/cmp/Usaa
State Farm,3.6,"16,224 reviews",Insurance,State Farm® is the largest auto insurer in the U.S. since 1942.,/cmp/State-Farm-319b4913
Humana,3.6,"8,438 reviews",Healthcare,"Headquartered in Louisville, Kentucky, Humana, Inc. is the third largest health insurance company in the United States.",/cmp/Humana
Alliance Risk Group,5.0,7 reviews,Insurance,"Alliance Risk Group, founded in 2005, is a dynamic and rapidly growing risk management company that is dedicated to reducing risk and inspiring confidence in the business community.",/cmp/Alliance-Risk-Group
AssuranceAmerica,3.3,44 reviews,Insurance,We provide the insurance our customers need at a price they can afford.,/cmp/Assuranceamerica
Sedgwick,2.9,"3,157 reviews",Insurance Agencies & Brokerages,"Sedgwick is the world’s leading risk and claims administration partner, helping clients thrive by navigating the unexpected.",/cmp/Sedgwick
Inspection Depot,2.9,15 reviews,N/A,N/A,/cmp/Inspection-Depot
Heritage Insurance,3.6,36 reviews,Insurance,N/A,/cmp/Heritage-Insurance
Noble Public Adjusting Group,4.9,35 reviews,N/A,N/A,/cmp/Noble-Public-Adjusting-Group
Schwarz Partners LP,3.4,5 reviews,Manufacturing,"At Schwarz, we believe that quality products result from great processes. Our business partners and suppliers play a critical role in each part of corrugated lifecycle.",/cmp/Schwarz-Partners-Lp-1
CVS Health,3.2,"49,843 reviews",Healthcare,CVS Health is a pharmacy innovation company with a simple and clear purpose: Helping people on their path to better health.,/cmp/CVS-Health
Clemson University,4.2,593 reviews,Education,"Ranked as the 27th best national public university by U.S. News & World Report, Clemson is dedicated to teaching, research and service.",/cmp/Clemson-University
Travelers,3.6,"2,705 reviews",Insurance Carriers,Join us to discover a culture that is rooted in innovation and thrives on collaboration. Imagine loving what you do and where you do it.,/cmp/Travelers-1
EBERL Claims Service,4.3,225 reviews,Insurance,"Eberl is a people-centric organization powered by technology and compassion for others, with a culture built on a continuous improvement mindset. We’re the industry’s trusted partner in providing in",/cmp/Eberl-Claims-Service
Crawford & Company,3.4,706 reviews,Insurance Agencies & Brokerages,"As the world's largest publicly traded claims management company, our mission is to restore and enhance lives, businesses and communities.",/cmp/Crawford-&-Company
"Allcat Claims Service, LLC",2.8,156 reviews,Insurance Carriers,"Allcat Claims Service, LP is a total solution provider for all of your insurance claims needs.We can handle all aspects of your claims process, including initial calls received during normal business.","/cmp/Allcat-Claims-Service,-LLC"
Kemper,3.2,"1,177 reviews",Insurance Carriers,N/A,/cmp/Kemper-9
Tesla,3.3,"8,168 reviews",Manufacturing,Tesla is accelerating the world’s transition to sustainable energy.,/cmp/Tesla
Homeward Health,N/A,N/A,Hospitals & Health Clinics,N/A,/cmp/Homeward-Health
PacificSource Health Plans,3.2,159 reviews,Insurance,"PacificSource is an independent, not-for-profit community health plan serving the Northwest, with a vision to be the lifelong trusted partner of our members and communities.",/cmp/Pacificsource-Health-Plans
Progressive,3.6,"5,866 reviews",Insurance Carriers,"At Progressive, we exist to help people move forward and live fully.",/cmp/Progressive
The Hanover Insurance Group,3.6,408 reviews,Insurance Carriers,"The Hanover Insurance Group, Inc. is the holding company for several property and casualty insurance companies, which together constitute one of the largest insurance businesses in the United States.",/cmp/The-Hanover-Insurance-Group
Western States Envelope & Label,2.8,83 reviews,Manufacturing,"Western States is a wholesale envelope, label & packaging manufacturer for the printing, distributing, mailing & office supply trades.",/cmp/Western-States-Envelope-&-Label
Olin Winchester Ammunition,3.0,107 reviews,Manufacturing,N/A,/cmp/Olin-Winchester-Ammunition
Acrisure LLC,2.6,159 reviews,Financial Services,"As a global fintech leader, Acrisure empowers millions of ambitious businesses and individuals with the right solutions to grow. Find out more at www.Acrisure.com.",/cmp/Acrisure-LLC
Liberty Mutual Insurance,3.5,"5,793 reviews",Insurance Carriers,"Liberty Mutual Insurance is a diversified global insurer with over 40,000 employees located in more than 900 offices throughout the world.",/cmp/Liberty-Mutual-Insurance
Farm Bureau Financial Services,3.6,277 reviews,Insurance,N/A,/cmp/Farm-Bureau-Financial-Services
Sompo International,3.6,55 reviews,Farm Support,N/A,/cmp/Sompo-International
Sentry,3.4,454 reviews,Insurance Carriers,"Sentry is part of one of the largest and financially strongest mutual insurance groups in the U.S., headquartered in Stevens Point, Wisconsin.",/cmp/Sentry-a9330e00
Fred Loya Insurance,2.7,830 reviews,Insurance,Loya Insurance Group is a National leading provider in Automobile Insurance leveraging over 35 years of experience.,/cmp/Fred-Loya-Insurance
Nucor Corporation,3.9,686 reviews,Manufacturing,"Leading as North America's largest and most diversified steel and steel products company. We are a team fostering innovation, teamwork and sustainable growth for employees and the community.",/cmp/Nucor-Corporation-7e760088
Cenveo,2.9,520 reviews,Commercial Printing,Cenveo operates 14 facilities nationwide with a commitment to producing world-class products that foster a more sustainable future.,/cmp/Cenveo-45791a9e
IAnet,2.8,5 reviews,Insurance Agencies & Brokerages,N/A,/cmp/Ianet-2
American Modern Insurance Group,3.7,200 reviews,Insurance,N/A,/cmp/American-Modern-Insurance-Group
IWCO,3.2,258 reviews,Commercial Printing,"We help you find your audience, develop creative that hooks them, and produce campaigns that can't be ignored. But also, when a disaster looms, we will keep your critical communications on track.",/cmp/Iwco-2
RYZE Claim Solutions,3.0,52 reviews,Insurance,N/A,/cmp/Ryze-Claim-Solutions
Your Virtual Adjuster,N/A,N/A,N/A,N/A,/cmp/Your-Virtual-Adjuster
SalesBountyHunter,N/A,N/A,Recruiting,"For companies to find talent fast, and for candidates to get a partner in the job search process.",/cmp/Salesbountyhunter
MAPSTED,3.8,4 reviews,Information Technology,"Joining Mapsted means working in a diverse, innovative team shaping global location tech. For more info - www.mapsted.com",/cmp/Mapsted
RDSolutions,3.6,473 reviews,Information Technology,"RDSolutions is a category leader with a rich 30-year history. We are based in Richmond, Virginia and have an international footprint that covers the U.S., Canada and Puerto Rico.",/cmp/Rdsolutions-2
"National Water Services, LLC.",4.4,19 reviews,Food & Beverage Manufacturing,"Our purpose-driven company is dedicated to protecting our planet, promoting your health, and delivering superior drinking water at affordable prices.","/cmp/National-Water-Services,-Llc."
Westat,4.0,803 reviews,Information Technology,"Westat offers innovative professional services to help clients improve outcomes in health, education, social policy, and transportation. We are dedicated to improving lives through research.",/cmp/Westat
NORC at the University of Chicago,3.6,790 reviews,Nonprofit & NGO,NORC conducts nonpartisan social science and public opinion research. Our political polling is done strictly on a nonpartisan basis and not for political parties or organizations.,/cmp/Norc-At-the-University-of-Chicago
Tesla,3.3,"8,168 reviews",Manufacturing,Tesla is accelerating the world’s transition to sustainable energy.,/cmp/Tesla
Tyson Foods Incorporated,3.6,"11,329 reviews",Food & Beverage Manufacturing,"World headquartered in Springdale, Arkansas, Tyson Foods Incorporated is one of the biggest producers of meat and poultry in the world.",/cmp/Tyson-Foods-Incorporated
ShipLuxe LLC,4.6,10 reviews,Transportation & Logistics,N/A,/cmp/Shipluxe-LLC
Qbtech,N/A,N/A,Pharmaceutical & Biotechnology,"Since 2000, Qbtech has been focused on a technology-first approach to ADHD assessment; combining both subjective and objective data.",/cmp/Qbtech
RTI International,3.7,544 reviews,Nonprofit & NGO,"RTI International is an independent, nonprofit research institute dedicated to improving the human condition.",/cmp/Rti-International
Matrix Design Group Inc.,3.6,16 reviews,Architectural & Engineering Services,Matrix is an Employee-Owned consulting firm providing innovative leading edge solutions across a broad array of complex disciplines and industries.,/cmp/Matrix-Design-Group-Inc.
Asteroom,3.5,2 reviews,Real Estate Agencies,"Asteroom is a software company specializing in 3D tours and comprehensive property data collection, revolutionizing how properties are showcased and assessed in the real estate industry.",/cmp/Asteroom
Qualus,3.5,11 reviews,Energy & Utilities,Qualus is a leading provider of specialized engineering and technical field services.,/cmp/Qualus
Vision Government Solutions,3.3,34 reviews,Software Development,"Our mission is to provide the very best mass appraisal and property tax solutions, creating a better future one community at a time. Are you ready to join us?",/cmp/Vision-Government-Solutions
University of Virginia,4.1,648 reviews,Education,N/A,/cmp/University-of-Virginia
Retail Odyssey,2.5,215 reviews,Retail & Wholesale,N/A,/cmp/Retail-Odyssey
ScanScape,3.5,183 reviews,Information Technology,"Being a field representative offers job independence, flexible work hours, job consistency and some physical activity. If you would like to join us, don’t wait! Apply today!",/cmp/Scanscape
"The Traffic Group, Inc.",3.6,8 reviews,Transportation Management,TTG is the nation’s leading traffic engineering and transportation planning firms dealing with the movement of vehicles and pedestrians.,"/cmp/The-Traffic-Group,-Inc."
Garmin,3.7,409 reviews,Manufacturing,Engineered on the inside for life on the outside.,/cmp/Garmin
Qualitest,3.4,92 reviews,Information Technology,N/A,/cmp/Qualitest-4
Greene Resources,3.1,118 reviews,Human Resources & Staffing,"Greene Resources is part of Array Corporation, the leading technology-enabled workforce solutions company whose mission is to fix how labor is bought, sold, and delivered.",/cmp/Greene-Resources
Amazon.com,3.5,"54,225 reviews",Retail & Wholesale,Our mission is to be Earth's most customer-centric company.,/cmp/Amazon.com
Tyler Technologies,3.5,354 reviews,Software Development,"We empower the public sector to create smarter, safer, and stronger communities.",/cmp/Tyler-Technologies-29572f8d
SAS Retail Services,2.8,"2,608 reviews",Advertising & Public Relations,SAS provides national retail merchandising services,/cmp/SAS-Retail-Services
Gewalt Hamilton Associates,3.6,9 reviews,N/A,Gewalt Hamilton Associates is a Professional Engineering firm,/cmp/Gewalt-Hamilton-Associates
JLL,3.7,"3,789 reviews",Real Estate,We’re JLL— a leading professional services and investment management firm specializing in real estate. We help organizations around the world achieve their business ambitions.,/cmp/Jll
Vital Research,4.2,54 reviews,Research & Development,N/A,/cmp/Vital-Research
Tetra Tech,3.7,"1,139 reviews",Management & Consulting,"Tetra Tech is a leading, global provider of consulting and engineering services. We are differentiated by Leading with Science®.",/cmp/Tetra-Tech
"Rekor Systems, Inc.",3.3,9 reviews,Information Technology,Rekor’s technology is propelling the evolution from traditional license plate recognition systems and traffic monitoring to AI-enabled smart roadways capable of serving multiple missions from a single,"/cmp/Rekor-Systems,-Inc."
cFocus Software Incorporated,N/A,N/A,Information Technology,"cFocus Software provides Cyber Security, Enterprise IT, Azure FedRAMP, and Chatbot services to government agencies. Our exclusive ATO as a Service™ offering automates Azure FedRAMP compliance.",/cmp/Cfocus-Software-Incorporated
Hamaspik HomeCare,3.9,38 reviews,Medical Testing & Clinical Laboratories,Hamaspik HomeCare provides a variety of homecare services in the comfort of the patients’ homes.,/cmp/Hamaspik-Homecare-1
National Institute for Early Education R,4.0,1 review,Preschools & Child Care Services,N/A,/cmp/National-Institute-For-Early-Education-R
Appen,3.5,"1,265 reviews",Information Technology,Appen provides accurate and reliable human annotated datasets that fuel AI and machine learning for some of the world’s biggest brands.,/cmp/Appen
Vista Technology Services,4.4,5 reviews,N/A,N/A,/cmp/Vista-Technology-Services
Service Measure LLC,2.0,4 reviews,N/A,N/A,/cmp/Service-Measure-LLC
Activ8 Chicago,5.0,2 reviews,Human Resources & Staffing,"Activ8 delivers practical hiring solutions for Japanese and Korean-affiliated companies across North America, specializing in manufacturing, logistics, automotive, and technical roles.",/cmp/Activ8-Chicago-1
The Wonderful Company LLC,3.2,72 reviews,Food & Beverage Manufacturing,"The Wonderful Company is a privately held $6 billion global company that owns iconic brands, including FIJI Water, POM Wonderful, Wonderful Pistachios, Wonderful Halos, JUSTIN wines, and more.",/cmp/The-Wonderful-Company-LLC
Idaho Forest Group,3.3,102 reviews,Manufacturing,"Idaho Forest Group grows, harvests, manufactures and distributes the incredible product that is wood.",/cmp/Idaho-Forest-Group
InSearch,4.3,7 reviews,Human Resources & Staffing,We look beyond job titles and resume headings to target opportunities that focus on people’s strengths and make the most of their experience. We will get you in front of hiring managers!,/cmp/Insearch-4
Niricson Software Inc.,4.2,5 reviews,"Construction, Repair & Maintenance Services",N/A,/cmp/Niricson-Software-Inc.
WME Express,5.0,1 review,Transportation & Logistics,N/A,/cmp/Wme-Express
Long Beach Transit,4.0,39 reviews,Transportation Management,"Long Beach Transit is a municipal transit company providing fixed and flexible bus transit services in Long Beach, California.",/cmp/Long-Beach-Transit
Goodman Manufacturing,3.5,806 reviews,Manufacturing,"For over three decades, the Goodman brand has concentrated on something more important than simple brand-recognition consumer advertising.",/cmp/Goodman-Manufacturing
Clear Capital,3.0,121 reviews,Financial Services,"We are Clear Capital, a Real Estate Valuation Data and Analytics Company, working hard to make people's lives better, everyday.",/cmp/Clear-Capital-3
Class Valuation,2.5,93 reviews,Real Estate,N/A,/cmp/Class-Valuation
Diamond Assets,2.4,38 reviews,Information Technology Support Services,N/A,/cmp/Diamond-Assets
INSPYR Solutions,3.8,146 reviews,Information Technology,"As a national expert in delivering flexible technology and talent solutions, we strategically align industry and technical expertise with our clients’ business objectives and cultural needs.",/cmp/Inspyr-Solutions
Atrium Health Wake Forest Baptist,3.8,936 reviews,Healthcare,"Atrium Health Wake Forest Baptist is a leading academic health system in Winston-Salem, NC. We integrate top-tier care, education, and research to advance healthcare - for all.",/cmp/Atrium-Health-Wake-Forest-Baptist-1
WeDriveU,3.3,173 reviews,Transportation & Logistics,"WeDriveU is the leader in shared mobility solutions that connect communities, campuses, and workplaces. WeDriveU operates private shuttle and public transit systems across the U.S.",/cmp/Wedriveu
"Traffic, Planning, and Design, Inc.",3.5,8 reviews,Transportation & Logistics,"Founded in 1989, TPD is a transportation engineering firm headquartered in Pottstown, PA.","/cmp/Traffic,-Planning,-and-Design,-Inc."
FedEx,3.5,"62,043 reviews",Shipping & Trucking,"Headquartered in Memphis, US, FedEx is a global delivery service company that has changed the way the world moves packages.",/cmp/FedEx
"OnWay Transport, LLC",2.9,30 reviews,Transportation & Logistics,N/A,"/cmp/Onway-Transport,-LLC"
Clinical Pathology Laboratories,3.0,598 reviews,Medical Testing & Clinical Laboratories,"Clinical Pathology Laboratories, a member of the Sonic Healthcare USA family, is one of the largest medical reference laboratory systems in the nation.",/cmp/Clinical-Pathology-Laboratories
Insomnia Cookies,3.1,905 reviews,Restaurants & Food Service,"With an expanding footprint of 225+ stores nationally and a rapidly-growing nationwide shipping and gifting portfolio, Insomnia Cookies is revolutionizing the cookie game by imagining what’s possible!",/cmp/Insomnia-Cookies
Eurofins,2.8,"2,827 reviews",Pharmaceutical & Biotechnology,Eurofins Scientific is a group of international life sciences companies which provide a unique range of analytical testing services to clients across multiple industries.,/cmp/Eurofins
American Red Cross,3.7,"8,713 reviews",Nonprofit & NGO,"As a Red Cross employee, you’ll have opportunities to grow your career and be recognized and rewarded for your efforts. Join us to make your career a force for good.",/cmp/American-Red-Cross
Accurate Courier Services,2.7,83 reviews,Transportation & Logistics,"The most reliable point-to-point, pickup and delivery services in the industry.",/cmp/Accurate-Courier-Services
Certified Group,2.2,333 reviews,Biotechnology,N/A,/cmp/Certified-Group
Labcorp,3.3,"8,779 reviews",Healthcare,N/A,/cmp/Labcorp
Pace Analytical Services LLC,2.7,526 reviews,Pharmaceutical & Biotechnology,"At Pace®, we’re committed to continuously moving science forward to make an impact on the health and safety of our communities and lives. We are the People Advancing Science®.",/cmp/Pace-Analytical-Services-LLC
LifeSouth Community Blood Centers,2.6,408 reviews,Healthcare,"LifeSouth is a 501(c)(3) non-profit community blood supplier for more than 150 hospitals in Alabama, Florida and Georgia.",/cmp/Lifesouth-Community-Blood-Centers
American Health Associates,2.2,426 reviews,Healthcare,N/A,/cmp/American-Health-Associates
BioTouch,3.0,242 reviews,N/A,"A single-source, national provider for your medical kitting and logistics needs. We partner with a wide range of medical facilities and healthcare providers to bring a higher level of care in health.",/cmp/Biotouch-4
UberEATS,3.3,"2,318 reviews",Information Technology,N/A,/cmp/Ubereats
"Medzoomer, Inc.",3.0,13 reviews,Transportation & Logistics,N/A,"/cmp/Medzoomer,-Inc."
"Yzer, LLC",3.2,16 reviews,Transportation & Logistics,N/A,"/cmp/Yzer,-LLC"
TridentCare,2.8,295 reviews,Medical Testing & Clinical Laboratories,"TridentCare operates in 40 states. X-ray, Ultrasound, laboratory, PICC services, and more are provided promptly and safely wherever you work, live, play, or gather. We go where you are.",/cmp/Tridentcare
Interpath Laboratory,3.1,103 reviews,Medical Testing & Clinical Laboratories,"Interpath Laboratory, Inc. is a family owned & operated, clinical and anatomic pathology laboratory with over 90 locations in Oregon, Washington and Idaho.",/cmp/Interpath-Laboratory
American Esoteric Laboratories,3.0,116 reviews,Medical Testing & Clinical Laboratories,N/A,/cmp/American-Esoteric-Laboratories
FexEx Express,3.5,109 reviews,Transportation & Logistics,N/A,/cmp/Fexex-Express
Quest Diagnostics,3.5,"7,572 reviews",Healthcare,"Working together to create a healthier world, one life at a time.",/cmp/Quest-Diagnostics
Trash Fairies,3.5,27 reviews,Waste Management,"We provide clean, safe, reliable doorstep trash & recycling for multi-family households.",/cmp/Trash-Fairies
UPS,3.7,"62,735 reviews",Shipping & Trucking,N/A,/cmp/UPS
OneBlood,3.1,628 reviews,Nonprofit & NGO,"OneBlood is responsible for providing safe, available and affordable blood to 213 hospital partners and their patients.",/cmp/Oneblood
Amazon Flex,3.4,"4,476 reviews",Transportation Management,Amazon Flex provides a flexible opportunity for individuals looking to turn free time into supplementary income.,/cmp/Amazon-Flex
WVU Medicine,3.5,"1,265 reviews",Healthcare,WVU Medicine - West Virginia University Health System is West Virginia University’s affiliated health system.,/cmp/Wvu-Medicine
DoorDash,3.3,"15,630 reviews",Information Technology Support Services,"When you join our team, you join our dream: to grow and empower local economies.",/cmp/Doordash
"Clinical Laboratories of Hawaii, LLP",3.5,43 reviews,Medical Testing & Clinical Laboratories,N/A,"/cmp/Clinical-Laboratories-of-Hawaii,-LLP"
Courier Express Inc.,1.6,13 reviews,Shipping & Trucking,N/A,/cmp/Courier-Express-Inc.-1
Vital Delivery Solutions,3.8,74 reviews,Transportation & Logistics,N/A,/cmp/Vital-Delivery-Solutions-1
Quicksilver Express Courier,2.8,74 reviews,Shipping & Trucking,N/A,/cmp/Quicksilver-Express-Courier
Pathology Laboratories,3.3,51 reviews,Medical Testing & Clinical Laboratories,N/A,/cmp/Pathology-Laboratories
Trinity Health,3.2,"1,757 reviews",Healthcare,"Trinity Health is one of the largest multi-institutional Catholic health care delivery systems in the nation, serving diverse communities that include more than 30 million people across 25 states.",/cmp/Trinity-Health
SPS Global,3.1,507 reviews,Management & Consulting,WE CONNECT THE PHISICAL AND DIGITAL WORLDS - SPS is a global market leader in the field of Business Process Services for Document Management solutions.,/cmp/Sps-Global-6
Rapid Medical,2.6,11 reviews,N/A,N/A,/cmp/Rapid-Medical
Singing River Health System,3.3,128 reviews,Healthcare,N/A,/cmp/Singing-River-Health-System
First Legal,3.0,37 reviews,N/A,First Legal is the first true comprehensive File Thru Trial™ solutions firm. This single-source approach enables us to simplify the litigation process for our clients.,/cmp/First-Legal-4
"Priority Dispatch, Inc.",2.8,159 reviews,Transportation & Logistics,N/A,"/cmp/Priority-Dispatch,-Inc."
ALS Global,2.9,962 reviews,Research & Development,N/A,/cmp/Als-Global-5
HNL Lab Medicine,3.0,151 reviews,Healthcare,Inspiring a healthier and better-informed world.,/cmp/Hnl-Lab-Medicine
Ameriship Parcel Delivery,1.0,2 reviews,N/A,N/A,/cmp/Ameriship-Parcel-Delivery
Associated Couriers LLC,3.0,91 reviews,Transportation & Logistics,Life Couriers exists to provide customized logistics solutions to highly specialized shippers in the time-critical freight industry.,/cmp/Associated-Couriers-LLC
MedSpeed,3.2,576 reviews,Healthcare,N/A,/cmp/Medspeed
"Capstone Logistics, LLC",2.6,"3,069 reviews",Transportation & Logistics,"Capstone Logistics, LLC. is the leading performance workgroup partner in the United States. With over 347 operating locations.","/cmp/Capstone-Logistics,-LLC"
Sonora Quest Laboratories,3.3,448 reviews,Healthcare,"You’ll feel right at home at SQL doing meaningful work on behalf of better health. We have a welcoming, team focused environment with upward mobility, employee education, and a supportive DE&I focus",/cmp/Sonora-Quest-Laboratories
Signature Health Inc,3.3,75 reviews,Healthcare,"Signature Health is a non-profit community health center, we make behavioral health, primary care, infectious disease, pharmacy, lab and case management services accessible to patients of NE Ohio.",/cmp/Signature-Health-Inc-1
Trans Ova Genetics,3.9,12 reviews,Agriculture,"Better Genetics, Better World Trans Ova is committed to being good stewards of technology, environment and natural resources",/cmp/Trans-Ova-Genetics
Amazon DSP,2.9,"4,150 reviews",Transportation & Logistics,"DSPs are local, independent businesses that deliver packages to customers out of warehouses in the area. Each independently owned and operated DSP is part of a vast network of shipping partners.",/cmp/Amazon-Dsp
Fulgent Therapeutics,2.7,6 reviews,Software Development,N/A,/cmp/Fulgent-Therapeutics-1
Crosstown Courier Service,3.7,18 reviews,Transportation & Logistics,"Over the past 15 years, we have provided exemplary service to the Veterans Medical Center and many other industries and agencies.",/cmp/Crosstown-Courier-Service
Secret View,4.2,27 reviews,Management & Consulting,N/A,/cmp/Secret-View
Ipsos,3.6,"1,772 reviews",Research & Development,Ipsos est le leader en France des études de marché et des enquêtes d’opinion.,/cmp/Ipsos
Market Force Information,3.4,99 reviews,N/A,N/A,/cmp/Market-Force-Information
IntelliShop,3.5,14 reviews,N/A,N/A,/cmp/Intellishop
Market Force,3.4,106 reviews,Management & Consulting,"Our multi-location solutions provide a robust framework for measuring and improving employee experience, operational performance, customer experience, and your financial KPI's.",/cmp/Market-Force
Freelance / Multiple Platforms,5.0,1 review,N/A,N/A,/cmp/Freelance-Multiple-Platforms
Second to None,3.9,19 reviews,Beauty & Wellness,N/A,/cmp/Second-to-None
Alta360 Research,4.6,8 reviews,N/A,N/A,/cmp/Alta360-Research
Noxx cannabis,2.5,6 reviews,N/A,N/A,/cmp/Noxx-Cannabis
Bestmark,2.8,42 reviews,Financial Transaction Processing,N/A,/cmp/Bestmark
Kroger,3.3,"40,852 reviews",Retail & Wholesale,"At Kroger, we Feed Your Future.",/cmp/Kroger-54356a75
McDonald's,3.4,"256,946 reviews",Restaurants & Cafes,McDonald's is the largest chain of fast food restaurants in the world - join us today!,/cmp/McDonald's
Dollar Tree,3.2,"27,395 reviews",Retail & Wholesale,"Dollar Tree is headquartered in Chesapeake, VA, and we operate 9,000+ stores across the 48 contiguous states and five Canadian provinces.",/cmp/Dollar-Tree
Sheetz,3.7,"4,214 reviews",Retail & Wholesale,11x Top 100 Best Companies to Work For. Making Sheetz Happen 24/7/365. You in?,/cmp/Sheetz
Family Dollar,3.1,"22,773 reviews",Retail & Wholesale,"We are all about the Everyday Low Prices at Family Dollar. Family Dollar is headquartered in Chesapeake, VA.",/cmp/Family-Dollar
Safeway,3.3,"16,282 reviews",Retail & Wholesale,"Safeway is a national grocery store chain that merged with Albertson's in 2015, now one of the largest food and drug retailers in the US.",/cmp/Safeway
Macy's,3.6,"41,754 reviews","Department, Clothing & Shoe Stores","Macy’s, Inc., one of America’s most enduring, storied brands, has grown into a digitally led omnichannel retailer. It has its headquarter in NYC, with approximately 90,000 employees nationwide.",/cmp/Macy's
Walmart,3.4,"278,175 reviews",General Merchandise & Superstores,"Headquartered in Bentonville, Arkansas, Walmart is a multinational corporation that operates the largest chain of department stores globally.",/cmp/Walmart
Journeys,3.4,"5,725 reviews",Retail & Wholesale,"Journeys is a leader in the teen specialty retail scene, with more than 800 stores in all 50 states, Puerto Rico and Canada. Join our amazing team today!",/cmp/Journeys
Target,3.5,"79,671 reviews",General Merchandise & Superstores,"As a Fortune 50 company with more than 400,000 team members worldwide, Target is an iconic brand and one of America's leading retailers.",/cmp/Target
Wakefern Food Corporation,3.5,"3,825 reviews",Retail & Wholesale,"A leader in food and beverage retailing, Wakefern’s unique cooperative structure allows independent grocers to compete, and succeed, against multinational chains.",/cmp/Wakefern-Food-Corporation
HEB,4.2,"12,421 reviews",Grocery Stores,"No Store Does More to bring Texas families the very best locally grown produce, 100% pure beef, & hundreds of products from around the world.",/cmp/Heb
Albertsons,3.5,"8,193 reviews",Retail & Wholesale,"Albertsons Companies is a team of more than 300,000 associates who support each other and appreciate the skills and passion each person brings to our Company.",/cmp/Albertsons
Sam's Club,3.4,"28,051 reviews",Retail & Wholesale,N/A,/cmp/Sam's-Club
Walgreens,3.4,"47,638 reviews",Retail & Wholesale,"Walgreens is proud to be a neighborhood health, beauty and retail destination supporting communities across the country.",/cmp/Walgreens
DoorDash,3.3,"15,630 reviews",Information Technology Support Services,"When you join our team, you join our dream: to grow and empower local economies.",/cmp/Doordash
GameStop,3.3,"11,998 reviews",Retail & Wholesale,"GameStop Corp., a Fortune 500 company headquartered in Grapevine, Texas, is a global, multichannel video game and consumer electronics retailer.",/cmp/Gamestop
Sprouts Farmers Market,3.0,"5,832 reviews",Retail & Wholesale,"Sprouts team members share a passion for fostering goodness and inspiring growth. We offer competitive pay, team member discounts, a fun and rewarding culture, and career advancement opportunities.",/cmp/Sprouts-Farmers-Market
CVS Health,3.2,"49,843 reviews",Healthcare,CVS Health is a pharmacy innovation company with a simple and clear purpose: Helping people on their path to better health.,/cmp/CVS-Health
Barnes & Noble,3.8,"6,909 reviews",Retail & Wholesale,"Headquartered in New York, New York, Barnes & Noble is the largest online and retail bookseller in the United States.",/cmp/Barnes-&-Noble
Dunkin',3.3,"28,393 reviews",Restaurants & Food Service,N/A,/cmp/Dunkin'-2cfce9bf
Taco Bell,3.4,"39,682 reviews",Restaurants & Cafes,"Taco Bell Corp., a subsidiary of Yum! Brands, Inc., (NYSE: YUM), is the nation's leading Mexican-inspired quick service restaurant.",/cmp/Taco-Bell
Arch Telecom,3.1,414 reviews,Telecommunications,"Arch Telecom is a full-service, Wireless Retailer with locations nationwide. Visit our website www.ArchTelecom.net to apply!",/cmp/Arch-Telecom-0f6ed9a8
"Hy-Vee, Inc.",3.5,"7,699 reviews",Retail & Wholesale,"Hy-Vee, Inc. is an employee-owned grocery store chain with 240 retail stores and over 82,000 employees.","/cmp/Hy--vee,-Inc."
Staples,3.4,"14,662 reviews",Retail & Wholesale,"Staples is a world-class retail, online and delivery capabilities leader. In fact, we're one of the world’s top five online retailers.",/cmp/Staples
Costco Wholesale,4.0,"17,870 reviews",Retail & Wholesale,"Headquartered in Issaquah, Washington, Costco is the largest wholesale club operator in the United States, and the third-largest retailer in the U.S.",/cmp/Costco-Wholesale
Papa Murphy's,3.6,"3,767 reviews",Restaurants & Food Service,"Papa Murphy's Pizza is a take-and-bake pizza company, where the pizza is made fresh right before your eyes before you take it home.",/cmp/Papa-Murphy's
Jacksons Food Stores,3.5,442 reviews,Retail & Wholesale,"Jacksons Food Stores is a nationally recognized convenience store operating in Idaho, Washington, Oregon, Utah, Montana, Nevada, California, and Arizona.",/cmp/Jacksons-Food-Stores
AutoZone,3.4,"15,776 reviews",N/A,"AutoZone is the nation's leading retailer and a leading distributor of automotive replacement parts and accessories with more than 6,000 stores in the US, Mexico, Brazil and Puerto Rico.",/cmp/Autozone
Circle K,3.3,"16,483 reviews",Convenience Stores,"Circle K/Couche-Tard is a global leader in convenience and mobility, operating in 29 countries and territories, with more than 16,700 stores, of which almost 13,100 offer road transportation fuel.",/cmp/Circle-K
Goodwill Industries,3.4,"20,831 reviews",Nonprofit & NGO,N/A,/cmp/Goodwill-Industries
ExtraMile,3.3,8 reviews,Convenience Stores,N/A,/cmp/Extramile
Wendy's,3.4,"43,656 reviews",Restaurants & Food Service,About Us The Wendy’s Company (NASDAQ: WEN) is the world’s third largest quick-service hamburger company. Learn more at www.wendys.com,/cmp/Wendy's
Dollar General,2.9,"41,938 reviews",Retail & Wholesale,N/A,/cmp/Dollar-General
Publix,3.9,"24,445 reviews",Grocery Stores,"Publix Super Markets, Inc. is an award-winning, employee-owned Florida-based supermarket chain with stores in seven Southeastern states.",/cmp/Publix
"EZCORP, Inc.",3.9,"1,819 reviews",Retail & Wholesale,"Formed with 16 pawn stores in 1989, EZCORP has grown into a leading provider of pawn loans, with over 500 locations in the United States and hundreds of locations across Latin America.","/cmp/Ezcorp,-Inc."
Amazon.com,3.5,"54,225 reviews",Retail & Wholesale,Our mission is to be Earth's most customer-centric company.,/cmp/Amazon.com
RaceTrac,3.4,"2,869 reviews",Retail & Wholesale,"RaceTrac stores offer a one-stop shop, featuring a wide selection of food and beverage favorites alongside competitively priced fuel.",/cmp/Racetrac-96789658
Diversified Restaurant Group,1.8,12 reviews,Restaurants & Food Service,N/A,/cmp/Diversified-Restaurant-Group
Zaxby's,3.5,"7,489 reviews",Restaurants & Food Service,"Want to get paid to make somebody’s day? Zaxby’s restaurants are looking for cheerful, efficient, responsible guys and gals to make the world a better place – one delicious chicken finger at a time.",/cmp/Zaxby's
Class Valuation,2.5,93 reviews,Real Estate,N/A,/cmp/Class-Valuation
Vision Government Solutions,3.3,34 reviews,Software Development,"Our mission is to provide the very best mass appraisal and property tax solutions, creating a better future one community at a time. Are you ready to join us?",/cmp/Vision-Government-Solutions
Stewart Title Guaranty Company,3.3,177 reviews,Insurance,N/A,/cmp/Stewart-Title-Guaranty-Company
Columbia Bank,3.2,491 reviews,Financial Services,"Columbia Bank is headquartered in the Pacific Northwest with 5,000+ employees and offers banking services to customers throughout the nation.",/cmp/Columbia-Bank-7
Columbia Bank,3.6,126 reviews,Financial Services,Joining Columbia Bank means you can create a unique career path that aligns with your personal and professional goals!,/cmp/Columbia-Bank
Farm Credit East,3.0,1 review,Financial Services,Serving the agricultural credit and financial needs of those in the business of agriculture.,/cmp/Farm-Credit-East-4
Future Automotive Group,3.7,115 reviews,N/A,"Since 1963 Future Automotive Group has been driven by integrity, service, and award-winning customer care. Join our fast-paced, people-first team!",/cmp/Future-Automotive-Group
Fred Loya Insurance,2.7,830 reviews,Insurance,Loya Insurance Group is a National leading provider in Automobile Insurance leveraging over 35 years of experience.,/cmp/Fred-Loya-Insurance
Frost,3.9,438 reviews,Financial Services,N/A,/cmp/Frost
CarMax,3.5,"6,677 reviews",Vehicle Dealers,N/A,/cmp/Carmax
PenFed Credit Union,3.0,422 reviews,Financial Services,N/A,/cmp/Penfed-Credit-Union
San Bernardino County,4.0,"1,080 reviews",Government & Public Administration,The County of San Bernardino is a regional government.,/cmp/SAN-Bernardino-County
loanDepot,3.0,"1,049 reviews",Financial Services,loanDepot helps customers achieve the American dream of homeownership through a broad suite of lending and real estate services that simplify one of life's most complex transactions.,/cmp/Loandepot
Tom Wood Group,3.4,126 reviews,Vehicle Dealers,Since 1967 the Tom Wood Group has expanded to include 17 automotive dealerships with 14 brands and more than a dozen additional businesses.,/cmp/Tom-Wood-Group
Army Corps of Engineers,4.1,"1,496 reviews",Government & Public Administration,N/A,/cmp/Army-Corps-of-Engineers
"CRAWFORD, MURPHY & TILLY",4.1,12 reviews,Architectural & Engineering Services,"Superior infrastructure solutions, responsive to clients’ needs & expectations.Fostering employee growth & development.","/cmp/Crawford,-Murphy-&-Tilly"
Mortgage Solutions Financial,3.8,414 reviews,Financial Services,"Mortgage Solutions Financial offers a range of mortgages to first time homebuyers, existing homeowners, veterans, investors, farmers, and so many more!",/cmp/Mortgage-Solutions-Financial
State Farm,3.6,"16,224 reviews",Insurance,State Farm® is the largest auto insurer in the U.S. since 1942.,/cmp/State-Farm-319b4913
Accurate Group,2.8,24 reviews,Financial Services,Accurate Group provides exceptional appraisal and title services to real estate finance providers nationwide.,/cmp/Accurate-Group-1
Hennepin County,3.7,383 reviews,Government & Public Administration,"Hennepin County is the largest of Minnesota’s 87 counties in budget, estimated market value, and population.",/cmp/Hennepin-County
Compeer Financial,4.1,45 reviews,Financial Services,N/A,/cmp/Compeer-Financial
Union Home Mortgage,4.1,351 reviews,Banking & Lending,- UHM is an Equal Opportunity Housing Lender. - Loans are available on a fair and equal basis. - UHM NMLS #2229 OH MB 802837.000-BR,/cmp/Union-Home-Mortgage
State of Illinois,3.7,774 reviews,Government & Public Administration,"The name ""Illinois"" comes from a Native American word meaning ""tribe of superior men.""",/cmp/State-of-Illinois
First Merchants Bank,3.1,226 reviews,Financial Services,We are a team of associates who support and expect superior results from our company and ourselves.,/cmp/First-Merchants-Bank
Mphasis,3.7,"2,980 reviews",Information Technology,"A leading applied technology services company, Mphasis, has over the last 26 years, sprinted exciting laps of transformation to stand tall on the edge of NEXT and positive disruption.",/cmp/Mphasis
County of Los Angeles,4.0,848 reviews,Government & Public Administration,"Employment with Health Services offers excellent opportunities for growth and development, benefits, competitive salaries, and work environments in various cities throughout Los Angeles County.",/cmp/County-of-Los-Angeles
"Douglas County, CO",2.9,9 reviews,Government & Public Administration,"Douglas County Government, Colorado","/cmp/Douglas-County,-Co"
New American Funding,3.3,499 reviews,Financial Services,"Our reputation as a leader means that customers know who we are, and want to work with our Loan Officers and real estate agent partners.",/cmp/New-American-Funding
WCCU Credit Union,4.0,10 reviews,Financial Services,N/A,/cmp/Wccu-Credit-Union-1
CURE Auto Insurance,3.5,31 reviews,Insurance,"CURE's rates are primarily based on how well you drive, not discriminatory factors like your education level and occupation.",/cmp/Cure-Auto-Insurance
tarrant appraisal district,3.7,10 reviews,Government & Public Administration,TAD is responsible for local property tax appraisal and exemption administration for seventy-three jurisdictions or taxing units in the county.,/cmp/Tarrant-Appraisal-District
Hoffman Auto Group,3.6,40 reviews,Vehicle Dealers,N/A,/cmp/Hoffman-Auto-Group
Velox Valuations,4.7,3 reviews,N/A,N/A,/cmp/Velox-Valuations
Benchmark Mortgage,3.9,56 reviews,Financial Services,"We pride ourselves on providing excellent customer service, very competitive rates and the most efficient loan processing.",/cmp/Benchmark-Mortgage
CIS Claim Services,4.0,4 reviews,N/A,N/A,/cmp/Cis-Claim-Services
CTBC Bank,3.6,81 reviews,Financial Services,N/A,/cmp/Ctbc-Bank
HomeStreet Bank,3.4,207 reviews,Financial Services,HomeStreet Bank is a financial services company offering banking products and services and loans in the Western United States and Hawaii.,/cmp/Homestreet-Bank
Wall Street Realty,5.0,4 reviews,N/A,N/A,/cmp/Wall-Street-Realty
Asbury Automotive Group,3.4,708 reviews,Vehicle Dealers,"Based in Duluth, Georgia, Asbury Automotive Group operates over 90 auto dealerships and 26 collision centers throughout the United States.",/cmp/Asbury-Automotive-Group
Victorian Finance,3.6,21 reviews,Financial Services,Victorian Finance will always be an evolving organization with an unwavering goal so that every member of the Victorian Family can be proud.,/cmp/Victorian-Finance
First American,3.8,"2,219 reviews",Insurance,"At First American, we put People First. Find your next career at firstam.com/careers",/cmp/First-American-4
IMT Insurance,4.7,14 reviews,Insurance,"We strive to hire the best candidates and place them in a culture that encourages their best efforts, growth and personal success.",/cmp/Imt-Insurance
Opteon,4.2,51 reviews,Real Estate,Opteon is a national provider of valuation and property advisory services.,/cmp/Opteon
Olmsted County,3.3,38 reviews,Government & Public Administration,N/A,/cmp/Olmsted-County
"BBG, Inc",2.8,10 reviews,Real Estate,N/A,"/cmp/Bbg,-Inc"
The City of Lynchburg,3.4,63 reviews,Government & Public Administration,"A great place to live, work and play!",/cmp/The-City-of-Lynchburg-2
"In'Tech Industries, Inc",2.8,16 reviews,Health Care Products Manufacturing,We enhance the quality of life by designing and manufacturing high-quality innovative products,"/cmp/In'tech-Industries,-Inc"
County of Santa Clara,4.0,283 reviews,Government & Public Administration,The County of Santa Clara is proud to serve the members of our community by providing services that increase the quality of life for those living here.,/cmp/County-of-Santa-Clara
AssuranceAmerica,3.3,44 reviews,Insurance,We provide the insurance our customers need at a price they can afford.,/cmp/Assuranceamerica
Allstate Insurance,3.6,"10,742 reviews",Insurance,"Allstate Corporation was founded in 1931, and is the second largest personal lines insurance company in the United States.",/cmp/Allstate-Insurance
Auto Inspector,N/A,N/A,N/A,N/A,/cmp/Auto-Inspector
CIS Group of Companies LLC,3.4,60 reviews,Food & Beverage Manufacturing,N/A,/cmp/Cis-Group-of-Companies-LLC
"Massey Services, Inc.",2.6,562 reviews,Private Households,"Based in Orlando, Florida, Massey Services is one of the nation’s largest and most respected service companies, with a history of providing quality service for more than three decades.","/cmp/Massey-Services,-Inc."
"Information Providers, Inc",3.0,108 reviews,Insurance,"""Our business is helping you look at your business.""","/cmp/Information-Providers,-Inc"
Premium Velocity Auto llc,1.9,29 reviews,Vehicle Repair & Maintenance,N/A,/cmp/Premium-Velocity-Auto-LLC
"Reliable Reports, Inc.",3.1,190 reviews,Insurance,N/A,"/cmp/Reliable-Reports,-Inc."
Venture Underwriting LLC,2.8,9 reviews,Insurance,N/A,/cmp/Venture-Underwriting-LLC
Marriott International,4.0,"25,998 reviews",Hotels & Travel Accommodation,"With more than 8,300 hotels and 30+ hotel brands worldwide, the career opportunities with Marriott are endless. Experience our story.",/cmp/Marriott-International
Arrow Exterminators,3.8,509 reviews,Personal Consumer Services,"Pest Control, Termite, Mosquito, & Fire Ant, protection, Wildlife & Exclusion, Insulation, Real Estate Documentation, New Construction Treat",/cmp/Arrow-Exterminators
Independent Field Connections,4.0,10 reviews,Management & Consulting,N/A,/cmp/Independent-Field-Connections
"VSC Fire & Security, Inc.",2.8,90 reviews,Construction,"For more than 60 years, we've partnered with thousands of customers as a trusted contractor for the inspection and installation of fire sprinkler, fire alarm, security, life safety and low voltage sys","/cmp/Vsc-Fire-&-Security,-Inc."
Heath Consultants Incorporated,2.8,471 reviews,"Energy, Mining & Utilities",Since 1933 Heath Consultants has led the industry in the safety of natural gas utilities infrastructure through the innovative and conscientious actions of our employees.,/cmp/Heath-Consultants-Incorporated
Mueller Reports,2.5,920 reviews,Real Estate,"At Mueller Reports, every position in the company is important. We are committed to teamwork, cooperation, and quality service.",/cmp/Mueller-Reports
Autobahn Inspection Services,5.0,15 reviews,Vehicle Dealers,Autobahn Inspection Services was established in 2015 in the state of Florida - USA.,/cmp/Autobahn-Inspection-Services
Best Choice Roofing,3.9,486 reviews,"Construction, Repair & Maintenance Services","Best Choice Roofing is an Owens Corning Roofing Platinum Preferred Contractor and national roofing company, with offices throughout the USA.",/cmp/Best-Choice-Roofing-66931a17
ISN Corporation,3.9,152 reviews,Information Technology,"At ISN Corporation, headquartered in Bethesda, Maryland, we deliver specialized professional services to over 100 Federal government agencies across the country.",/cmp/Isn-Corporation
Fido,N/A,N/A,Property Management,"Fido is a property manager's best friend. At Fido, we make property management simpler, more reliable, and stress-free, giving you the peace of mind to focus on what matters most.",/cmp/Fido-5820a00d
Parsons,3.9,"1,167 reviews",Aerospace & Defense,"We welcome self starters who solve problems & believe in integrity, safety, quality, innovation, sustainability, & diversity as core values!",/cmp/Parsons
RK&K,4.1,67 reviews,Architectural & Engineering Services,N/A,/cmp/Rk&K
Texas Health and Human Services Commission,3.3,"2,634 reviews",Government & Public Administration,N/A,/cmp/Texas-Health-and-Human-Services-Commission
MAC.BID,2.0,55 reviews,Auctions & Galleries,N/A,/cmp/Mac.bid
HMT TANK,3.1,54 reviews,"Construction, Repair & Maintenance Services",N/A,/cmp/Hmt-Tank
One Guard Inspections,3.7,26 reviews,Automotive Parts & Accessories Stores,Our commitment to innovation and excellence sets us apart in the world of inspections. We're not just another inspection company; we're a partner dedicated to exceeding your expectations.,/cmp/One-Guard-Inspections
TANKNOLOGY,3.4,64 reviews,"Energy, Mining & Utilities",N/A,/cmp/Tanknology
Verify Inc.,3.7,3 reviews,Aerospace & Defense,"For over 40 years Verify has been a trusted resource to over 400 companies in aerospace, defense and quality critical industries.",/cmp/Verify-Inc.-4
Stantec,3.6,"1,022 reviews","Construction, Repair & Maintenance Services","Stantec is a global leader in sustainable engineering, architecture, and environmental consulting. We are a community of more than 31,000 employees working in over 450 locations across 6 continents.",/cmp/Stantec
Camin Cargo Control,3.3,123 reviews,Energy & Utilities,"Delivers mission critical services at terminals and refineries across the oil, gas and petrochemical (“OG&P”) value chain, including both load and discharge operations",/cmp/Camin-Cargo-Control
AECOM,3.7,"5,516 reviews",Architectural & Engineering Services,We are the trusted global infrastructure leader.,/cmp/AECOM
Yoshi Inc,3.1,20 reviews,N/A,"WHAT DOES YOSHI DO? Yoshi delivers fuel and car services directly to you! We anticipate your needs, provide services on your schedule, and deliver everything right to your vehicle.",/cmp/Yoshi-Inc-2
Freedom Forever,3.3,386 reviews,"Energy, Mining & Utilities",We continue to grow at a very rapid pace as witnessed by Freedom Forever placing on the Inc. 500 list for the 6th year in a row!,/cmp/Freedom-Forever
NWM Risk Management,4.5,14 reviews,Construction,We represent our clients to mitigate risk.,/cmp/Nwm-Risk-Management-1
HNTB Corporation,3.7,251 reviews,"Construction, Repair & Maintenance Services",HNTB is an employee-owned infrastructure solutions firm serving public and private owners and contractors.,/cmp/Hntb-Corporation
Tremco CPG Inc.,3.3,163 reviews,"Construction, Repair & Maintenance Services",N/A,/cmp/Tremco-Cpg-Inc.
Mountain,3.6,67 reviews,Telecommunications,"MOUNTAIN, LTD. are telecom experts providing planning, engineering, design, right-of-way, CAD, and a variety of other services required by clients across North America.",/cmp/Mountain
Grid One Solutions,3.0,214 reviews,Energy & Utilities,N/A,/cmp/Grid-One-Solutions
Remedi8 Holdings Corp,3.5,105 reviews,Construction,N/A,/cmp/Remedi8-Holdings-Corp
Jiffy Lube,3.1,"4,887 reviews",Vehicle Repair & Maintenance,Jiffy Lube prides itself on being a leader in the quick lube industry.,/cmp/Jiffy-Lube
"ACRT, Inc.",2.8,316 reviews,"Energy, Mining & Utilities","At ACRT, we're the only independent national vegetation management consulting firm—giving us the freedom to put our clients first.","/cmp/Acrt,-Inc."
Pratt & Whitney,3.9,"1,557 reviews",Aerospace & Defense,"Pratt & Whitney, an RTX business, is a global leader in propulsion systems, powering the most advanced aircraft in the world, and we are shaping the future of aviation.",/cmp/Pratt-&-Whitney
"ATIS Elevator Inspections, LLC",4.8,4 reviews,Transportation Management,"ATIS, Liberty Elevator Experts, and KJA Consultants have formed the largest vertical transportation inspection and consulting company across the United States and Canada.","/cmp/Atis-Elevator-Inspections,-LLC"
Centimark Corporation,3.3,346 reviews,"Construction, Repair & Maintenance Services","CentiMark Corporation, headquartered in Canonsburg, PA, is the nation's largest commercial roofing contractor with over 95 offices and 3,500 employees across North America.",/cmp/Centimark-Corporation
Eurofins,2.8,"2,827 reviews",Pharmaceutical & Biotechnology,Eurofins Scientific is a group of international life sciences companies which provide a unique range of analytical testing services to clients across multiple industries.,/cmp/Eurofins
Universal Engineering Sciences,3.2,147 reviews,"Construction, Repair & Maintenance Services","Leading provider of essential engineering services throughout the United States, including Geotechnical Engineering, Construction Materials Testing & Inspection, and Building Code Compliance.",/cmp/Universal-Engineering-Sciences
"Johnson, Mirmiran & Thompson",3.2,46 reviews,N/A,N/A,"/cmp/Johnson,-Mirmiran-&-Thompson"
Atlas Technical Consultants,3.4,45 reviews,Construction,"We strive to be the most sought-after infrastructure and environmental solutions company, known for our unique, values-driven approach and brought to life by the industry’s most exceptional people.",/cmp/Atlas-Technical-Consultants-2
Alpha Corporation,3.8,12 reviews,"Construction, Repair & Maintenance Services","Alpha Corporation is a woman-owned multidisciplinary construction consulting firm providing engineering, program and construction management, project controls, and technology services.",/cmp/Alpha-Corporation
Kleinfelder,3.3,185 reviews,Architectural & Engineering Services,"We are engineers, scientists, and construction professionals providing solutions that improve our clients’ transportation, water, energy, and other private infrastructure.",/cmp/Kleinfelder
Terminix,2.8,"3,104 reviews",Personal Consumer Services,Terminix is a leading provider of residential and commercial pest control. Our certified specialists use innovative technologies to protect millions of homes and businesses.,/cmp/Terminix
State of Idaho,3.6,217 reviews,Government & Public Administration,N/A,/cmp/State-of-Idaho
Embraer,4.4,"1,165 reviews",Aerospace & Defense,"We never rest on our laurels. Embraer is the fruit of perseverance and determination, and is the combination of the most advanced technologies and the diverse passions of its people.",/cmp/Embraer
