URL,Status,Title
"http://cesnb.com","Valid","Home - CES"
"http://insursolv.com/","Valid","InsurSolv, LLC"
"http://new.continentalrisk.com/WhatWeDo2.asp","Valid","(No Title)"
"http://overlandsurveyorshouston.com","Valid","Overland Surveyors - Surveyor, Houston Surveyor, Land Surveyor"
"http://soelitefs.com","Valid","Southern Elite Field Services"
"http://transmercial.com","Valid","Transmercial | Commercial Real Estate"
"http://www.4dsa.com","Valid","Delivery Solutions of America &#8211; When Tomorrow Is Too Late"
"http://www.acceleratedinspections.com","Valid","Accelerated Inspection Services, LLC  Quality Loss Control Services for the Insurance Industry"
"http://www.accu-audits.com","Valid","Welcome to Accu-Audits Incorporated"
"http://www.adaptivepropertysolutions.com","Valid","The Adaptive Difference - Adaptive Property Solutions"
"http://www.altisource.com","Valid","Altisource"
"http://www.amclinks.com","Valid","AMC Links - Superior Nationwide Appraisal Services"
"http://www.amcssc.com","Valid","AMC Settlement Services"
"http://www.aspenrmg.com","Valid","Aspen Risk Management Group"
"http://www.certifiedmoldinspectors.com","Valid","Mold Authority | IAQ &amp; Mold Expert NY, NJ, SC, NC, TX, FL"
"http://www.cmls.ca","Valid","CMLS | Canada's Mortgage Company"
"http://www.crediblehomeinspections.com","Valid","Home - Credible Home Inspections"
"http://www.douglasguardian.com","Valid","Douglas-Guardian Services Corporation"
"http://www.equicheck.com","Valid","EquiCheck | Equipment &amp; Site Inspections"
"http://www.fieldforceinspections.com/","Valid","Home - Field Force Inspections insurance inspections"
"http://www.fsusurveyor.com","Valid","Field Services Unlimited - Nationwide Site Surveys | Get Precise Site Surveys Today"
"http://www.inspectsolutions.com","Valid","Inspect Solutions | Inspection Services Through Innovative Customer Care Since 2003"
"http://www.isncorp.com","Valid","(No Title)"
"http://www.jmireports.com","Valid","Powerful Risk Assessment Solutions for Insurers | JMI Reports"
"http://www.lendersqualityassurance.com","Valid","Home - Lender&#039;s Quality Assurance"
"http://www.majesticservicecompany.com","Valid","Untitled"
"http://www.mcdarghconsulting.com","Valid","Commercial Real Estate Site Inspection - McDargh Consulting"
"http://www.metrosolutionsusa.com","Valid","Metropolitan Solutions |"
"http://www.mibinc.com/","Valid","MIB, Inc. - Providing inspection services for residential, commercial and agricultural properties to the insurance industry for over 80 years."
"http://www.millinfo.com","Valid","National Insurance Property Inspections by Millennium"
"http://www.ms-inspections.com","Valid","M.S.I. SERVICES LLC 951-805-8170 - Home"
"http://www.mti-inspections.com","Valid","MTI Inspection Services: Home Page"
"http://www.nationalcreditors.com","Valid","NCCI"
"http://www.nationalis.com","Valid","National Insurance Inspection Services"
"http://www.natrisk.com","Valid","National Risk Services - Premium Audit and Insurance Property Inspection Services"
"http://www.natsr.com","Valid","National Safety &amp; Risk - Insurance Loss Control, Inspections"
"http://www.networkmortgageservicing.com","Valid","New Home"
"http://www.nvms.com","Valid","NVMS, Inc"
"http://www.nvms.com","Valid","NVMS, Inc"
"http://www.package-testing.com","Valid","Package Research Laboratory: ISPM 15 & IPPC Certification."
"http://www.photoinspection.com","Valid","Photoinspection.com"
"http://www.preferredreports.com","Valid","Preferred Reports LLC"
"http://www.quiktrak.com","Valid","Field Inspections | Asset Verification | Inventory Audit | Quiktrak"
"http://www.radata.com","Valid","New Jersey Radon &amp; Water Treatment: RAdata"
"http://www.ralis.com","Valid","RAL Inspection Services | Home Inspection | Pest Inspection | Radon"
"http://www.redoakfs.com","Valid","Red Oak Field Services"
"http://www.reliancefieldservices.com","Valid","Reliance Field Services"
"http://www.reloology.com","Valid","Home - ReloOlogy Inspection Management Services, LLC"
"http://www.s2inspect.com/","Valid","Home"
"http://www.sageconsulting.com","Valid","Construction Consulting and Witness Services | Sage Consulting"
"http://www.sandcastlefs.com","Valid","Sand Castle Field Services - Sand Castle Field Services"
"http://www.sciinspection.com","Valid","Homepage - sciinspection.com"
"http://www.sedgwick.com","Valid","Home | Sedgwick"
"http://www.sibfla.com/","Valid","Sutton Inspection Bureau"
"http://www.sibfla.com/","Valid","Sutton Inspection Bureau"
"http://www.tisinspects.com","Valid","TIS - Technical Insurance Services"
"http://www.transtartech.com","Valid","TranStar Technical Services, Inc."
"http://www.underwriterservicesassoc.com","Valid","Underwriter Services Association &#8211; Insurance Inspector Careers &amp; Job Recruiting"
"http://www.westernfieldservices.com","Valid","Western Field Services, Inc.: Title One Home Improvement Inspections"
"https://2mquality.com","Valid","2M Quality — New Home Quality Review Services"
"https://a2zfieldservices.com/","Valid","A2Z Field Services - Home - A2ZFieldServices"
"https://absolutell.com/","Valid","Home - Absolute Lending Logistics"
"https://afirmsolutions.com","Valid","Davies North America - Powering Innovation for Insurance &amp; Highly Regulated Markets"
"https://agentvalidate.com/","Valid","Agent Validate | A Simple Way to Avoid Advertising Scams"
"https://allmedexpress.net","Valid","Medical Courier for Long Term Care – Healthcare Logistics"
"https://americanexpediting.com","Valid","American Expediting | Same-Day Courier for Medical &amp; Critical Industry"
"https://amoservices.com/","Valid","Home - AMO Services"
"https://armstrong-is.com","Valid","Home - LIVE - ARMStrong Insurance Services"
"https://asiag.com/","Valid","ASI Auto Group - Vehicle Inspection Services - Franklin, TN"
"https://atlanticpacificbuildgroup.com/","Valid","APBG&#039;s Full Package of Services for the Building Industry"
"https://avappraisalmgmt.com/","Valid","Absolute Value Management"
"https://bestchoiceroofing.com/","Valid","Roof Replacement &amp; Free Inspections - Best Choice Roofing"
"https://bettertalent.com/","Valid","Better Talent &#8211; Your Recruiting Partner"
"https://calinspect.com/","Valid","Cal Inspection Bureau &#8211; Providing quality underwriting surveys throughout the United States"
"https://cardinalfieldservices.us","Valid","Cardinal Field Services"
"https://careers-fdmfieldservices.icims.com","Valid","Careers"
"https://cartus.com/","Valid","Home | Cartus | Corporate Relocation Company &amp; Mobility Solutions"
"https://casago.com/","Valid","Casago - Vacation Rentals and Property Management"
"https://ccdiusa.com","Valid","CCDI | Commercial and Residential Real Estate Construction Management"
"https://cisinspects.com","Valid","(No Title)"
"https://class.appraisalscope.com","Valid","Login"
"https://compassadjustingservices.com","Valid","Compass Adjusting Services - Fort Worth TX"
"https://completeclaims.com/","Valid","Complete Claims Service"
"https://compliabilitysolutions.com","Valid","Compliability Solutions"
"https://crmglobalinc.com/","Valid","CRM Global &#8211; Merchant Site Inspections"
"https://crownfieldservices.net/","Valid","Home Page - Crown Field Services"
"https://csfieldservices.com/","Valid","CS Field Services | Property Inspections. At Scale. On Time."
"https://dataannotation.tech","Valid","DataAnnotation | Your New Remote Job"
"https://davies-group.com/northamerica/","Valid","Davies North America - Powering Innovation for Insurance &amp; Highly Regulated Markets"
"https://desertviewsystems.com","Valid","Home | Desert View Systems"
"https://drwllc.com/","Valid","DRW LLC &#8211; Construction Management and Support Services"
"https://ecps-llc.com","Valid","East Coast Property Services - Inspections, Mortgage"
"https://egov.com","Valid","Software & Services for the Public Sector | Tyler Technologies"
"https://ellismysteryshopperjobs.com/","Valid","Ellis Mystery Shopper Jobs"
"https://evaluationsolutions.com","Valid","Home - Evaluation Solutions"
"https://fieldinspection.com/","Valid","Wolverine Real Estate Services, Inc."
"https://firstlookhomeinspections.com","Valid","Home Inspections In Chicago - First Look Home Inspections"
"https://flex.amazon.com","Valid","Amazon Flex - Use Your Own Vehicle to Deliver Packages"
"https://gcsfieldresearch.com","Valid","GCS – GCS Field Research"
"https://gisfieldservices.com","Valid","Home - GIS Field Services"
"https://givemethevin.com","Valid","Sell Your Car Today"
"https://glotel.com","Valid","Glotel Inc."
"https://gouspack.com","Valid","USPack - Same Day and Final Mile Delivery Logistics Solutions"
"https://greenworksinspections.com/","Valid","Professional Home Inspections and Engineering Services | GreenWorks Inspections"
"https://hancockclaims.com","Valid","Hancock Claims Consultants | Property Claims Resolution"
"https://haymanengineering.com","Valid","Hayman Residential Engineering"
"https://hcphomeinspection.com/","Valid","HCP HOME INSPECTIONS"
"https://homepage.aiminspections.com/","Valid","Alliance Inspection Management"
"https://hossainpreservation.com/","Valid","Welcome Hossain Preservation"
"https://ifconnects.com/","Valid","Fieldwork | Independent Field Connections"
"https://inspectiondepot.com/","Valid","Inspection Depot"
"https://isclc.com/","Valid","Insurance Safety Consultants &#8211; loss control consulting"
"https://ivueit.com/","Valid","iVueit: On-Demand Property Inspections"
"https://jgmpropertygroup.com","Valid","JGM Property Group &#8211; Property Assets Management"
"https://kapower.us","Valid","K&amp;A Engineering Consulting | Powering Energy Solutions"
"https://kyfieldservices.com","Valid","Kyfieldservices.com"
"https://landgorilla.com","Valid","Construction Loan Management Software | Land Gorilla"
"https://limaone.com/","Valid","Lima One Capital Private Money Lenders for Real Estate Investing"
"https://lscg.com","Valid","Home - LSCG"
"https://mcs360.com","Valid","MCS360—Making Communities Shine"
"https://mcs360.com/","Valid","MCS360—Making Communities Shine"
"https://mcs360.com/join-our-team/","Valid","Join Our Team | MCS360"
"https://mcwinc.com/","Valid","McCrory and Williams - Engineering in Mobile, Engineering, Survey"
"https://merchandiser.survey.com/retailgigs","Valid","Survey Merchandiser App - Make Money on Your Schedule"
"https://mortgagefieldservices.com","Valid","Mortgage Field Services"
"https://mountaincreeksolutions.com","Valid","Welcome - MountainCreek Solutions"
"https://nan-amc.com/","Valid","Appraisal Management Company, AMC | Nationwide Appraisal Network"
"https://nationwideloaninspections.com/","Valid","Home | Nationwide"
"https://nia.law","Valid","Maximize Property Claims with National Insurance Advocates"
"https://nmfs.com","Valid","NMFS"
"https://nofsinc.com/","Valid","NOFS Inc. Field Inspection Services"
"https://nspektr.com/","Valid","404 Page | My Site 5"
"https://nwmriskmanagement.com/","Valid","#1 Nationwide Construction Risk Management Firm- 1-2 day Turn Times"
"https://oneguardinspections.com","Valid","One Guard Inspections | The Leader in Vehicle Inspections"
"https://opteonsolutions.com/","Valid","Opteon Property Valuations"
"https://outlier.ai","Valid","Train the Next Generation of AI as a Freelancer | Outlier AI"
"https://pacificinspectionsinc.com/","Valid","Home - Pacific Inspections, Inc. insurance inspections"
"https://pinnaclefinancialstrategies.com","Valid","Pinnacle Financial Strategies | Expert Guidance Unmatched Results"
"https://pjrfsi.com","Valid","Perry Johnson Food Safety - Here To Help You With Certification and Training"
"https://premier-claims.com","Valid","Premier Claims - Nationwide Public Adjuster"
"https://proasset-llc.com/","Valid","Pro Asset Services LLC"
"https://proiss.com/","Valid","www.proiss.com &#8211; PRO Inspection Services"
"https://propropertyinspection.com","Valid","Commercial and Residential Inspection Experts - PROproperty Inspection and Services Inc."
"https://proteckservices.com","Valid","Real Estate Valuation Company | Stewart Valuation Intelligence"
"https://qis-tx.com/","Valid",""
"https://safeguardproperties.com/","Valid","Mortgage Field Services Industry | Safeguard Properties"
"https://sdmyers.com","Valid","Transformer Maintenance and Testing | SDMyers"
"https://secure.virtualsiteinspections.com","Valid","Nationwide Management Services"
"https://seeknow.com","Valid","SeekNow | The Infrastructure for Smarter Property Decisions"
"https://seeronsite.com","Valid","Home - SEER"
"https://shinerexteriors.com","Valid","The Best Siding and Roofing Contractor in Northern VA &amp; DC"
"https://shorepropertyinspections.com","Valid","shorepropertyinspections.com"
"https://simpleinspection.com/","Valid","Simple Inspection | Property Risk Reports Powered by AI"
"https://solidifi.com/","Valid","Mortgage Appraisal and Title &amp; Settlement Services | Solidifi"
"https://spectrumfsi.com","Valid","Site Visit Inspections, Commercial Property Inspections, Field Services SBA Site Inspections"
"https://spotlesschimney.com","Valid","CT Chimney Cleaning, Repairs &amp; More Solutions | Spotless Chimney"
"https://strategicproperty.com/","Valid","Strategic Property Associates | Strategic Asset Services"
"https://surepointinspection.com","Valid","SurePoint Inspection -"
"https://tag.accurategroup.com","Valid","Vendor Services"
"https://testcenterusa.com","Valid","Welcome to XAMPP"
"https://thebestclaims.com","Valid","Home - TheBest Claims Solutions"
"https://theresolutionsgrp.com/","Valid","The Real Estate Solutions Group - Home"
"https://theshadowagency.com/","Valid","Home - Shadow Agency"
"https://toloka.ai","Valid","Toloka ∙ Training data  for AI&nbsp;agents and&nbsp;LLMs"
"https://toptierpublicadjusters.com","Valid","Coming Soon"
"https://transfereaserelocation.com","Valid","Corporate Relocation &amp; Global Mobility Services - TransferEASE"
"https://truefootage.tech/","Valid","True Footage"
"https://truppraisal.com/","Valid","The new way to CMA | Truppraisal"
"https://trynorthwest.com","Valid","NorthWest Construction Control"
"https://us-inspect.breezy.hr/","Valid","%DOC_TITLE%US Inspect"
"https://usafieldservices.com/","Valid","Home - USA Field Services"
"https://usinsuranceaudit.com/","Valid","Premium Audits for Insurers | US Insurance Audit Services (USIAS)"
"https://utsofmass.com/","Valid","Home - UTS of Massachusetts"
"https://vafieldservice.com/","Valid","VA Field Services"
"https://valutrust.com/","Valid","Valutrust Solutions"
"https://vanguardhis.com/","Valid","Vanguard Inspection Services"
"https://ventureunderwriting.com/","Valid","Venture Underwriting | Insurance inspections Buffalo NY"
"https://verityinspections.com/","Valid","Automotive Verifications and Independent Analysis - Verity Inspections"
"https://virtualsiteinspections.com","Valid","Virtual Site Inspections: Fast and Secure within 30 Minutes - Nationwide Virtual Site Inspections"
"https://visionwestgeorgia.com","Valid","Carrollton Property Management and Property Managers, Carrollton Houses and Homes for Rent | Vision Realty & Management"
"https://vtmfieldservice.com/","Valid","VTM Field Services"
"https://waypointinspection.com/naca-inspection/","Valid","NACA Home Inspection Experts | Certified Inspectors Waypoint"
"https://wcfieldservice.com","Valid","West Coast Field Service"
"https://wetherilleng.com","Valid","Wetherill Engineering, Inc."
"https://williamsfieldservices.com/","Valid","Williams Field Services - Property Inspection"
"https://wilmotfieldservices.weebly.com","Valid","Wilmot Field Services - Home"
"https://wolverineinspections.com/","Valid","Cargo Surveys | Wolverine Inspections"
"https://wrench.com/","Valid","Mobile Mechanics | Diagnostics, Brake &amp; Auto Repair On The Go | Wrench"
"https://www.1stchoicemfs.com/","Valid","Home - 1ST CHOICE MFS"
"https://www.24asset.com/","Valid","24 Asset Management :: REO and Default Services"
"https://www.aag-amc.com","Valid","Accelerated Appraisal Group"
"https://www.aamsappraisals.com/","Valid","Landing          | Accurate Appraisal Management Services"
"https://www.aboutfacecorp.com","Valid","AboutFace | CX Research &amp; Mystery Shopping Subscription for Enterprise"
"https://www.acdcorp.com","Valid","ACD (AutoClaims Direct, Inc) - Driving Your Success"
"https://www.actappraisal.com","Valid","ACT Appraisal | Accurate. Concise. Timely."
"https://www.afxllc.com/","Valid","Property Title Research &amp; Quick Turnaround Title Reports - AFX LLC"
"https://www.ainspections.com/","Valid","Allegheny Inspections - Insurance Inspections, Loss Control"
"https://www.alacritysolutions.com/","Valid","Alacrity Solutions - Insurance claims, repair and recovery"
"https://www.alexanderschmidt.com/","Valid","Homepage - Alexander &amp; Schmidt"
"https://www.alignerr.com","Valid","(No Title)"
"https://www.allstateappraisal.net/","Valid","Allstate Appraisal | Residential Appraiser | Commercial Appraisals"
"https://www.altisource.com","Valid","Altisource"
"https://www.americanfirstamc.com/","Valid","Home | American First AMC"
"https://www.aok-home.com","Valid","AOK-HOME MAINTENANCE - Home"
"https://www.appraisalnation.com/","Valid","Appraisal Nation | We are America’s leading AMC."
"https://www.aremco.us/","Valid","AREMCO Property Management"
"https://www.assetdefense.org/","Valid","Asset Defense Property Management"
"https://www.assetval.com","Valid","AssetVal, Inc"
"https://www.associatedservicesinspections.net","Valid","Insurance Inspections | Associated Services Inspections, Ltd."
"https://www.asteroom.com/en","Valid","All-in-one 3D Tour Solution"
"https://www.axis-amc.com","Valid","AXIS Appraisal Management"
"https://www.beaglelabs.ai/","Valid","Beagle Labs | Advanced Claims Handling"
"https://www.bestmark.com","Valid","Mystery Shopping Company | Mystery Shopping Services | BestMark"
"https://www.brookfieldgrs.com/","Valid","The Most Comprehensive Moving Checklist You Need | Storables"
"https://www.brookstonemanagement.com","Valid","Brookstone Management"
"https://www.buildingandearth.com/","Valid","Consulting Engineers | Geotechnical &amp; CMT - Building &amp; Earth"
"https://www.bungii.com","Valid","Bungii Makes Delivery Your Differentiator"
"https://www.bvna.com/","Valid","Home | North America"
"https://www.carcogroup.com/","Valid","Vehicle Insurance Fraud Prevention Services | Cisive (Formerly CARCO)"
"https://www.ccicna.com/","Valid","CCIC North America Inc."
"https://www.certifiedgroup.com/","Valid","Certified Group | Laboratory Testing and Regulatory Consulting"
"https://www.cfsinspection.com","Valid","CFS - Home"
"https://www.checkmateinspections.com","Valid","Inspection and Auditing Services | Checkmate Inspections"
"https://www.cinchhomeservices.com","Valid","Cinch Home Services | 45 Years of Home Warranty Expertise"
"https://www.cisgroup.net","Valid","CIS Group of Companies"
"https://www.classvaluation.com","Valid","Class Valuation | Leading Appraisal Management Services"
"https://www.clearcapital.com","Valid","Real Estate Valuation Technology Solutions | Clear Capital"
"https://www.clickworker.com","Valid","Data Services by clickworker"
"https://www.cloudfactory.com","Valid","AI Consulting &amp; Platform for Scalable, Trusted AI | CloudFactory"
"https://www.coleman-consulting.com/","Valid","Coleman Consulting Group | shiftwork"
"https://www.colonialclaims.com","Valid","Home - Colonial Claims"
"https://www.complytraq.com","Valid","ComplyTraq | FCRA Compliance, Credentialing, and Training"
"https://www.conferoinc.com","Valid","Confero | Customer Experience Research, Mystery Shopping &amp; Compliance Audits"
"https://www.congruex.com/","Valid","Digital Infrastructure Services &amp; Solutions - Congruex"
"https://www.corecongroup.com/","Valid","U.S Construction Consulting Firm | Core Consulting Group Inc"
"https://www.coxandsmith.com","Valid","Cox and Smith Risk Management | Insurance Loss Control Services"
"https://www.crawco.com","Valid","Home | Crawford &amp; Company"
"https://www.crosscheckpremiumaudit.com/","Valid","Home"
"https://www.crossmark.com","Valid","Headquarter Sales, Retail Services, &amp; Marketing Services"
"https://www.csina.com/","Valid","Home - Collateral Specialists Inc."
"https://www.cyprexx.com","Valid","Cyprexx Services, LLC | Nationwide Default Servicing Company"
"https://www.d3g.com/","Valid","Home | Dominion Due Diligence Group"
"https://www.dartappraisal.com","Valid","Home &#8211; Dart Appraisal: Nationwide Appraisal Management Company"
"https://www.datacompusa.com","Valid","Datacomp | Appraisals, Inspections &amp; Manufactured Housing Market Data"
"https://www.distinguishedms.com","Valid","Home | distinguished"
"https://www.dolly.com","Valid","On-Demand Moving Help &amp; Furniture Delivery | Dolly"
"https://www.drawrequest.com","Valid","Draw Request"
"https://www.dropoff.com","Valid","Same-Day Delivery and Courier Services - Dropoff"
"https://www.e2value.com/","Valid","HOME - e2Value"
"https://www.ecoshieldpest.com/","Valid","Pest Control | Exterminators | EcoShield Pest Solutions"
"https://www.ecslimited.com/","Valid","Engineering Consulting Services | ECS"
"https://www.edgemarksolutions.com/","Valid","Edgemark Solutions &#8211; Property Preservation Company"
"https://www.elliottco.com","Valid","Home | Elliott &amp; Company Appraisers"
"https://www.epmsonline.com/","Valid","Ellis Partners - Apartment Mystery Shops, Resident Surveys, and Training"
"https://www.equator.com/","Valid","Equator"
"https://www.equator.com/","Valid","Equator"
"https://www.esinspectionsinc.com/","Valid","E&amp;S Inspections, Inc."
"https://www.esusa.net/","Valid","Equity Solutions"
"https://www.exlservice.com/","Valid","EXL: Driving business forward with data and AI"
"https://www.exlservice.com/industries/insurance/survey-and-risk-control","Valid","EXL Survey and Risk Control - Insurance Risk Management | EXL"
"https://www.ey.com/en_us/services","Valid","Services | EY - US"
"https://www.farinspections.com","Valid","Home"
"https://www.farinspections.com/","Valid","Home"
"https://www.fidelitytech.com/field-services/","Valid","Field Services  | Fidelity Tech"
"https://www.fieldagent.net/","Valid","Storesight"
"https://www.fieldchoice.com","Valid","FieldChoice: Nationwide Notary Signing Services"
"https://www.fieldconnections.net/","Valid","Home | Field Connections"
"https://www.fieldnation.com","Valid","#1 labor marketplace for IT field service | Field Nation"
"https://www.fieldprosdirect.com","Valid","FPD Solutions"
"https://www.fieldsolutionsinc.net/","Valid","Home - Field Solutions Inc."
"https://www.firstallegiance.com/","Valid","FIRST ALLEGIANCE - First Allegiance: the first and only choice in property services."
"https://www.firstam.com/","Valid","First American - Title Insurance, Specialty Insurance, and Real Estate-Related Services | First American"
"https://www.frsonline.com/expertise/inspections","Valid","Fidelity Residential Solutions | Inspections"
"https://www.genuinsight.com","Valid","Collateral Inspection | Compliance Inspection | Genuinsight - GENUINSIGHT - Inspection Services"
"https://www.gigwalk.com","Valid","Gigwalk: We’ve got your brand’s back - Gigwalk"
"https://www.globalsurveys.com","Valid","Global Surveys - Step to Confidence"
"https://www.globespec.com","Valid","GlobeSpec : GlobeSpec - National Residential and Environmental Inspections"
"https://www.gogridsource.com/","Valid","GridSource - Utility Contractors - Providing Telecommunications, Gas, Power, Water Infrastructure"
"https://www.goshare.co","Valid","Local Delivery Service, Movers, Same Day Delivery Courier Service"
"https://www.graniteriskmanagement.com","Valid","Home - Granite Risk Management"
"https://www.gripinspections.com","Valid","GRIP Roof Inspection"
"https://www.guardianps.com","Valid","Guardian Portfolio Services, Inc."
"https://www.harrisonlegacysolutions.com/","Valid","Harrison Legacy  Solutions | Expert Contract Management &amp; Business Support Services"
"https://www.hospitalitysoftnet.com/","Valid","Hospitality Softnet - Hotel Training Since 1994"
"https://www.hsreports.com/","Valid","H and S Loss Control Inspections &#8211; H and S Loss Control Inspections"
"https://www.idplans.com","Valid","Home - idplans.com"
"https://www.informationproviders.com/","Valid","Information Providers, Inc. | Home"
"https://www.insaudit.com/","Valid","Insurance Audit Services"
"https://www.inspectify.com","Valid","Simplifying Property and Home Inspections - Inspectify"
"https://www.inspectionsdoneright.biz/","Valid","inspections done right llc"
"https://www.intelli-shop.com","Valid","Best Mystery Shopping Company | IntelliShop"
"https://www.intouchshoppers.com","Valid","Homepage | Intouch Shoppers"
"https://www.invisible.co","Valid","AI Software for Labs and Enterprise | Invisible Technologies"
"https://www.is-rtr.com/pages/services","Valid","Inspection Services: Services"
"https://www.isncorp.com","Valid","(No Title)"
"https://www.isnetworld.com","Valid","ISN | ISNetworld | Official Site"
"https://www.konceptcarma.com/","Valid","Koncept Carma &#8211; Where Ingenuity Sells!"
"https://www.kryterion.com","Valid","Kryterion : Home"
"https://www.leewayinspections.com","Valid","Leeway Inspections, Inc. - It&#39;s Personal for Us Too!"
"https://www.legacyrestorationllc.com/","Valid","Welcome to Legacy Restoration"
"https://www.lemonsquad.com","Valid","Pre-Purchase Car Inspection | Vehicle Inspection"
"https://www.lerchbates.com/","Valid","Building &amp; Technical Consultancy - Lerch Bates"
"https://www.lfsrow.com","Valid","Landmark Field Services"
"https://www.losscontrolsource.com/","Valid","Loss Control Services"
"https://www.lscg.com/","Valid","Home - LSCG"
"https://www.lxt.ai","Valid","LXT | AI Training Data | Data Collection, Annotation, Evaluation"
"https://www.manhattanstrategy.com/","Valid","Home Page | Manhattan Strategy Group"
"https://www.marketforce.com","Valid","Market Force | Customer Experience Management Platform"
"https://www.medspeed.com","Valid","MedSpeed: Transforming Medical Courier Services"
"https://www.mercor.com","Valid","Mercor | Shape the future of work"
"https://www.mtinspections.com/","Valid","Midwest Technical Inspections - Insurance Inspections, Loss Control, Safety Consulting"
"https://www.myamc.com","Valid","MyAMC"
"https://www.mysmartpros.com/","Valid","MySmartPros - Find Expert Tutors Near You | Home Tuition in Delhi, Mumbai, Bangalore"
"https://www.nationalis.com","Valid","National Insurance Inspection Services"
"https://www.nationalvanlines.com/","Valid","Long Distance Moving Service | National Van Lines"
"https://www.nationsfs.com/","Valid","Nations Financial Services"
"https://www.nationsvs.com","Valid","Nations Valuation Services"
"https://www.ncciservices.com","Valid","NCCI"
"https://www.neis1.com/packages/worx/themes/worx/images/NEIS_Logo_2024_White.png","Valid","(No Title)"
"https://www.nextdayinspect.com/","Valid","NextDay Inspect: Expert Certified Home Inspections"
"https://www.nfronline.com/","Valid","Mortgage Field Services Nationwide | NFR"
"https://www.northsight.com","Valid","Northsight Management"
"https://www.notarycam.com/","Valid","Home - NotaryCam"
"https://www.nrg.com/","Valid","Welcome to NRG"
"https://www.nsf.org","Valid","NSF | The Public Health and Safety Organization"
"https://www.observanow.com","Valid","See What Your Customers See  | Observa"
"https://www.oldrepublic.com/","Valid","Home | Old Republic International Corporation (ORI)"
"https://www.openlane.com","Valid","Wholesale made easy - OPENLANE"
"https://www.pacfield.com/","Valid","PFS: Property Inspections"
"https://www.partneresi.com","Valid","Partner Engineering and Science, Inc"
"https://www.pcs-sw.com/","Valid","Property and Casualty of the Southwest, Inc - Premium Audit and Insurance Property Inspection Services"
"https://www.pcvmurcor.com/","Valid","Real Estate Valuations and Appraisal Management Company | PCV Murcor"
"https://www.pearsonvue.com","Valid","Certification Exams &amp; Licensure Testing | Pearson Professional Testing"
"https://www.pilotcat.com/","Valid","Home - Pilot Catastrophe Services"
"https://www.pivotworkforce.com/","Valid","Organic Radiance Skincare Blog - Redness Reducing Skincare"
"https://www.precisionhawk.com","Valid","RAJAZEUS: Link Zeus Slot Online Gacor Terbaru SLOT88 Resmi Se-Asia"
"https://www.prioritydispatch.com","Valid","Home - Priority Dispatch"
"https://www.propmhomes.com/","Valid","Portland Property Management | PropM, Inc"
"https://www.proxypics.com","Valid","ProxyPics"
"https://www.psiexams.com/","Valid","PSI | Test development, multi-modal delivery &amp; security"
"https://www.pyramidplatform.com/","Valid","Login Page"
"https://www.redrockcompanies.com/","Valid","Red Rock Companies | Real Estate - Vacation Rentals - Property Management"
"https://www.regionalreporting.com/","Valid","(No Title)"
"https://www.reliablereports.com","Valid","Reliable Reports - Home"
"https://www.remotasks.com","Valid","Remotasks | Earn $USD Doing Online Tasks from Home"
"https://www.remysteryshops.com/","Valid","Apartment Mystery Shopping Remington Evaluations"
"https://www.resnet.us/","Valid","Home Page - RESNET"
"https://www.resolutiongrp.com/","Valid","The Resolution Group"
"https://www.resourcepro.com/","Valid","The best in insurance operations and technology | ReSource Pro"
"https://www.richlandins.com/","Valid","Richland Insurance Services | Insuring Decatur &amp; Illinois"
"https://www.rkk.com/","Valid","We Are RK&amp;K | Responsive People. Creative Solutions."
"https://www.rlvantagepoint.com","Valid","RL Vantage Point &mdash; Coming Soon"
"https://www.roadie.com","Valid","Reliable Local Delivery Partner for Same-Day Last-Mile Needs | Roadie"
"https://www.rocketclose.com","Valid","Rocket Close | Title, Settlement &amp; Valuation Services"
"https://www.roofstock.com/","Valid","Invest in Single Family Rentals (SFR) at scale"
"https://www.rtrservices.com/","Valid","RTR Services"
"https://www.sama.com","Valid","Data Annotation &amp; Labeling Company | Sama"
"https://www.sciinspection.com/","Valid","Homepage - sciinspection.com"
"https://www.scrgroupservices.com/","Valid","SCR Group Services &#8211; SCR Group Services LLC"
"https://www.secretshopper.com","Valid","Secret Shopper - The Premier Mystery Shopping Company"
"https://www.sentinelunderwriting.com/","Valid","Sentinel Underwriting Review"
"https://www.sgs.com/","Valid","SGS | We are the world&#x27;s leading Testing, Inspection and Certification company."
"https://www.signaturecompanies.com/","Valid","Underwriting Inspections | Signature Companies"
"https://www.signingorder.com","Valid","SigningOrder :: Notary Database and Scheduling Platform"
"https://www.sinclaircustomermetrics.com","Valid","Full Service Customer Service Metrics | Sinclair"
"https://www.singlesourceproperty.com/","Valid","Home - SingleSource Property Solutions"
"https://www.sms-fl.com/","Valid","Superior Mortgage Services REO Inspection &Aacute; Field Services"
"https://www.snapdocs.com/","Valid","Snapdocs — The Mortgage Industry's #1 eClosing Platform"
"https://www.sperrycre.com/","Valid","Sperry Commercial Real Estate &#8211; A leading commercial real estate firm in Southern California"
"https://www.stewartvaluation.com/","Valid","Real Estate Valuation Company | Stewart Valuation Intelligence"
"https://www.streetdelivery.com/","Valid","StreetDelivery"
"https://www.sureguardpropertyinspections.com/","Valid","Comprehensive Commercial Inspection | Sure Guard Property Inspections"
"https://www.surgehq.ai","Valid","Surge AI | Human Intelligence for AGI"
"https://www.suyashconsulting.com/","Valid","Home | Suyash Consulting"
"https://www.svclink.com/","Valid","Home - Service Link Commercial"
"https://www.systemone.com/","Valid","System One - A Catalyst to Success"
"https://www.technicon.com/","Valid","Technicon CPQ"
"https://www.technipower.com/","Valid","TechniPower Inc. | Revolutionizing The Staffing Industry"
"https://www.terracon.com/","Valid","Consulting Engineers and Scientists - Terracon"
"https://www.trendsource.com/","Valid","Compliance Management Audits and Inspections | TrendSource"
"https://www.trinityonline.com/","Valid","Trinity Real Estate Solutions | Draw Inspections &amp; Field Services"
"https://www.turnerconstruction.com/","Valid","Making a Difference | Turner Construction Company"
"https://www.twininginc.com/","Valid","Twining Inc – Premier Construction Material Testing &amp; Geotechnical Engineering in Los Angeles"
"https://www.unitedfieldchase.com/","Valid","Home | United Field Chase"
"https://www.upfro.com/","Valid","Welcome to UPFRO Associates - UPFRO ASSOCIATES, Inc."
"https://www.usres.com/","Valid","US Real Estate Services Inc. &#8211; Valuations and Management Services"
"https://www.verisk.com/","Valid","Leading source of information about insurance risk"
"https://www.vinspection.net/","Valid","VIS"
"https://www.wavsys.com/","Valid","Wavsys"
"https://www.wegolook.com/","Valid","WeGoLook"
"https://www.williamsauction.com/","Valid","Williams &amp; Williams Real Estate Auctions"
"https://www.winncompanies.com/","Valid","WinnCompanies | Home"
"https://www.wns.com/","Valid","WNS | Outsmart the Future | Digital-Led Business Transformation Provider"
"https://www.wspinspectionservices.com/","Valid","Home | WSP Inspection Services"
"https://www.xceedance.com/","Valid","Xceedance: Empowering the Insurance Industry with Innovative Solutions"
"https://www.xome.com/valuations/","Valid","Browse Homes &#38; Real Estate For Sale Near You - Xome.com"
"https://www.yourvirtualadjuster.com/","Valid","Roofing Supplement Services | Your Virtual Adjuster"
"https://www.zakiansurveyors.com/","Valid","Zakian Surveyors | Expert Global Marine &amp; Non-Marine Surveying &amp; Appraisal | Zakian Surveying And Appraisal Services"
"https://www.zeitview.com","Valid","Zeitview"
"https://www.zvnproperties.com/","Valid","Genstone Field Services | Nationwide Property Services"
"https://www2.mortgageconnectlp.com/solutions/valuations/","Valid","Valuations &#8211; Mortgage Connect"
"https://www2.muellerreports.com/","Valid","Mueller Reports &#8211; Mueller Reports"
"https://xactus.com/","Valid","Xactus Home - Xactus"
"http://www.emortgagelogic.com/","Connection Error (DNS/Offline)","-"
"http://www.metrositeinspections.com","Connection Error (DNS/Offline)","-"
"https://bismarkmortgage.com/","Connection Error (DNS/Offline)","-"
"https://frontrangeroofingsc.com","Connection Error (DNS/Offline)","-"
"https://www.amerispecchicago.com","Connection Error (DNS/Offline)","-"
"https://www.armstrongriskmanagement.com/","Connection Error (DNS/Offline)","-"
"https://www.secondtonone.com","Connection Error (DNS/Offline)","-"
"https://www.totalcarecourier.com","Connection Error (DNS/Offline)","-"
"https://www.touchinsight.com/","Connection Error (DNS/Offline)","-"
"http://www.leaseinspection.com","Empty/Very Short (len: 114)","(No Title)"
"https://ospinspectorsinc.com","Empty/Very Short (len: 114)","(No Title)"
"https://therepreport.com/","Empty/Very Short (len: 114)","(No Title)"
"https://tpgalliance.com","Empty/Very Short (len: 114)","(No Title)"
"https://www.labexpress.com","Empty/Very Short (len: 114)","(No Title)"
"https://www.maep.com/","Empty/Very Short (len: 114)","(No Title)"
"https://www.retaildataservices.com","Empty/Very Short (len: 114)","(No Title)"
"https://rimkus.com/","HTTP 403","-"
"https://www.cbre.com/","HTTP 403","-"
"https://www.dla.mil/","HTTP 403","-"
"https://www.guardianmortgageonline.com","HTTP 403","-"
"https://www.mortgagebankersfs.com","HTTP 403","-"
"https://www.mortgagebankersfs.com/","HTTP 403","-"
"https://www.prometric.com/","HTTP 403","-"
"https://www.rapidmedical.com","HTTP 403","-"
"https://www.telusinternational.com/solutions/ai-data-solutions","HTTP 403","-"
"https://www.topbuild.com/","HTTP 403","-"
"https://www.upwork.com/","HTTP 403","-"
"http://www.datarepassociates.com","HTTP 404","-"
"https://fgiservices.com","HTTP 404","-"
"https://fgiservices.com/","HTTP 404","-"
"https://onitygroup.com","HTTP 404","-"
"https://www.msionline.com","HTTP 404","-"
"http://www.smg-usa.com","HTTP 409","-"
"https://connect.appen.com","HTTP 503","-"
"http://www.groundworks-inspections.com","Timeout","-"
