What is the term for a deal where a landlord offers a tenant money in exchange for voluntarily vacating a property?,Cash for Keys.
"According to the guide from Property Management Law Solutions, what is the first step in analyzing a 'Cash for Keys' offer?",Understand the Situation by identifying the problem and evaluating tenant behavior.
What is the industry-recognized unique identifier issued to vendors who pass a standardized background check through Aspen Grove Solutions?,An ABC# (Aspen Background Compliance number).
Aspen iRecord® provides proof of compliance at the point of service for employees and network members through what mobile application?,Aspen iMobile®.
"Under Dodd-Frank and CFPB oversight, what is a required part of the due diligence review for all third-party vendors working on behalf of Financial Institutions?",Criminal background checks.
"What type of insurance, also known as professional liability insurance, is designed to protect against clients' claims of negligence or inadequate work?",Errors and Omissions (E&O) insurance.
A real estate agent facing a lawsuit from a homeowner who found undisclosed defects after closing would be protected by what type of insurance policy?,Errors and Omissions (E&O) insurance.
"Unlike general liability insurance, E&O insurance is necessary for proper protection against _____ liability claims.",professional
What is the primary role of WSP as a nationwide contractor for FEMA since 1995?,To inspect homes damaged in presidentially-declared disasters.
The data collected by WSP's housing inspections is used by FEMA to determine what?,The type and amount of assistance to be provided to applicants.
"For medical couriers, HIPAA compliance means handling _____ securely during every stage of transportation.",Protected Health Information (PHI)
A _____ is a required contract between a medical courier service and a healthcare provider that outlines PHI protection responsibilities.,Business Associate Agreement (BAA)
What are the three categories of safeguards that HIPAA requires medical delivery services to implement?,"Administrative, Physical, and Technical safeguards."
"If a HIPAA breach affecting 500 or more patients occurs, a report must be filed with which U.S. government department?",The U.S. Department of Health and Human Services (HHS).
The Hotel ADA Compliance Checklist is used by lodging facilities to ensure they meet the requirements of what federal law?,The Americans with Disabilities Act (ADA).
What is the first step recommended for implementing a Hotel ADA Compliance Checklist?,Familiarize yourself with the Americans with Disabilities Act (ADA) guidelines.
"In the context of an insurance loss, why is a check from the insurance company typically issued in the names of both the homeowner and the mortgage company?",Because the mortgage company has a financial stake in the property and has the right to ensure repairs are completed.
What is the primary task of an inspector during an Insurance Loss (IL) inspection?,To calculate the percentage of completion based on the Scope of Work.
"When a homeowner receives insurance money for repairs but never completes them, it is considered a crime known as _____.",insurance fraud
What is the term for an inspection ordered by a mortgage company after a homeowner files an insurance claim to verify that repairs are being made?,A loss draft inspection.
"According to Pat Neff & Associates, you cannot verify repairs on a loss draft inspection based on what the homeowner tells you; you must use the _____.",scope of work
What is the formula for calculating the percent complete on a loss draft inspection?,The total dollar amount of completed repairs divided by the total dollar amount allowed for repairs on the scope.
What certifications are often required for medical couriers to demonstrate their knowledge of patient privacy and safety protocols?,HIPAA and Bloodborne Pathogen certifications.
"A professional trained in the safe handling, packaging, and transportation of time- and temperature-sensitive medical items is known as a _____.",temperature controlled medical courier
Term: Chain of Custody,Definition: A protocol that documents every handoff of a sensitive item to ensure accountability and maintain an auditable trail.
"In the financial services industry, what firm is a major provider of mystery shopping and brand compliance audit services?",IntelliShop.
"In property preservation, the process of draining plumbing systems and adding antifreeze to prevent freeze damage is called _____.",winterization
What is the difference between a 'dry winterization' and a 'wet winterization'?,"A dry winterization uses compressed air to blow out water lines, while a wet winterization involves draining a boiler and radiators."
"According to the ASL BPO price list, what is the typical flat fee range paid by nationals like Safeguard for a grass cut on a lot up to one acre?",$28 to $35.
The process of obtaining multiple certifications that work across different field service verticals to maximize scheduling efficiency is known as _____.,credential stacking
"What is the universal background check requirement in the mortgage field services industry, now referred to as the ShieldID?",The Aspen Background Compliance (ABC#).
"In the Aspen Grove background check system, what is the IC rating required for an inspector to conduct on-site property inspections?",IC01.
What is the key difference between General Liability (GL) and Errors & Omissions (E&O) insurance for a field inspector?,"GL covers physical property damage, while E&O covers financial claims resulting from a faulty report or professional negligence."
"What is the name of the rigorous background check required for FEMA disaster inspectors, which includes fingerprinting and credit checks?",A Moderate Risk Background Investigation (MBI).
What is the primary determination a FEMA inspector must make about a damaged property?,"The 'habitability' of the home (whether it is safe, sanitary, and functional)."
Term: REO,"Definition: Real Estate Owned, referring to properties that have transitioned to bank ownership after a foreclosure."
"During an REO eviction lockout, what is the field professional's first responsibility immediately after law enforcement has secured the premises?",To re-key the property to prevent unauthorized re-entry.
"In a 'Cash for Keys' agreement, what is a common mistake landlords make that constitutes an illegal 'self-help' eviction?",Changing the locks or shutting off utilities to force a tenant out without a signed agreement.
An ADA compliance checklist for an existing facility recommends gathering what tools before starting a survey?,"A tape measure, level, door pressure gauge, and camera."
"According to the ADA Checklist, a ramp must be at least how wide?",36 inches.
"According to the 2010 ADA Standards, what is the maximum slope for an accessible ramp?",1:12 (one inch of rise for every twelve inches of run).
"For a ramp that changes direction, the ADA standards require a level landing of at least what dimensions?",60 inches by 60 inches.
"In an ADA inspection, what is the maximum height for a vertical threshold at a doorway?",1/4 inch.
"Objects protruding into a circulation path, like fire extinguishers, must not protrude more than _____ inches if they are between 27 and 80 inches from the floor.",4
What is the purpose of an Insurance Loss Draft Inspection?,To verify for the mortgage company that repairs are underway or completed before releasing insurance funds.
What is the 'materials vs. installed doctrine' in loss draft inspections?,"An inspector only gives credit for work that is permanently attached to the structure, not for materials sitting on-site."
Insurance claim payouts for significant repairs are typically not disbursed in a lump sum but in installments called _____.,draws
A common reason for a landlord to offer a cash for keys deal is when a tenant has _____ or is violating the lease.,stopped paying rent
"In medical logistics, why is an unbroken chain of custody crucial?","It provides an auditable trail, ensures accountability, and is essential for the credibility of clinical trial results and diagnostic data."
What type of packaging should medical couriers use for Protected Health Information (PHI)?,"Sealed, opaque, or tamper-proof packaging."
What is the name of the software used by FEMA inspectors to record property damage on handheld tablets?,ACE Field Software.
A landlord must provide a precise payment amount in what document to ensure a 'Cash for Keys' deal is enforceable?,A written cash for keys agreement.
"Under the ADA, what is the minimum clear width for an accessible door opening?",32 inches.
"What is the height range for an accessible counter surface, such as at a checkout aisle or service counter?",No higher than 38 inches (for checkout) or 36 inches (for service counters).
"In property preservation, debris removal is typically priced per _____.",Cubic Yard (CY)
"In property preservation, boarding up windows or openings is priced per _____.",United Inch (UI)
"If a loss draft inspector meets a contractor on site, should they accept the contractor's assessment of the percentage of completion?","No, the inspector must independently verify the completion percentage against the Scope of Work."
"In the context of ADA compliance, what does 'readily achievable barrier removal' mean?","It is the standard for public accommodations, requiring them to remove architectural barriers when it is easily accomplishable and can be carried out without much difficulty or expense."
"What type of mystery shopping evaluation focuses on the entire online customer journey, from first touchpoint to repeat purchases?",Digital Mystery Shopping CX Evaluations.
"When conducting an Insurance Loss Inspection for a new roof, what is a key indicator that the roof was, in fact, replaced?","The presence of a new, often shiny, metal drip edge."
Is a field inspector authorized to climb on a roof to take photos for an insurance loss inspection?,"No, they are not authorized to climb ladders or get on roofs; they should use the camera's zoom function."
What two key factors does the amount offered in a cash for keys deal often depend on?,The urgency for the landlord to have the unit vacated and the local rental market conditions.
"What type of courier service is essential for transporting blood samples, critical medications, or specialized medical tools with urgency?",A specialized medical courier service.
"According to the ADA checklist, what is the required height range for the top of a handrail gripping surface above a ramp?",Between 34 inches and 38 inches.
"What does a geo-coded time/date stamp, provided by solutions like Aspen iMobile®, ensure?",It ensures that work is carried out at the correct location and time.
"If an inspector conducting a loss draft inspection finds that new shingles were placed on top of old ones, what is their responsibility?","To carefully document this finding, as it may be an attempt to defraud the mortgage company."
"For medical couriers to be HIPAA compliant, what technical safeguard is necessary for delivery tracking software?",The tracking system should encrypt Protected Health Information (PHI) to prevent hacking.
"In REO asset management, services like inspections, rekeying, trash-outs, and repairs fall under what general category?",Property preservation.
Which federal agency oversees the HIPAA regulations that medical couriers must follow?,The U.S. Department of Health and Human Services (HHS).
A hotel undergoing renovations would use what tool to ensure the changes being made are accessible?,An Hotel ADA Compliance Checklist.
"What type of insurance would protect a marketing consultant if a client sues them, blaming them for the failure of their business?",Errors and Omissions (E&O) insurance.
"According to the Pat Neff & Associates memo, why is it crucial to service loss draft orders as soon as possible?","Homeowners are often upset, having fronted their own money for repairs, and are waiting for the inspection results to get reimbursed."
"If a homeowner refuses to sign the completion form during a loss draft inspection, what should the inspector do?",Note the homeowner's reason for refusal on the form and submit it as is.
"A medical courier transporting lab results, prescriptions, and patient records must follow strict protocols to prevent _____.",breaches
"In an ADA compliance audit, the minimum clear floor space required for a single wheelchair is _____ wide by _____ long.",30 inches; 48 inches.