id,name,Latitude,Longitude,address,url
001bd769-b33f-4054-b851-7ea7f0a0c563,Hospitality Softnet Inc.,30.241368,-81.549113,"10151 Deerwood Park Blvd, Bldg 200, Suite 250, St. Johns, FL 32256",https://www.hospitalitysoftnet.com/
00c8e0e4-dd0b-4ca1-b6ca-045333512928,CRM Global LLC,35.624464,-78.638,"905 Lakefield Dr, Raleigh, NC 27603",https://crmglobalinc.com/
01500033-4e47-41ba-8c85-4d88b6859d01,New York City Housing Authority (NYCHA),40.71289,-74.007584,"250 Broadway, New York, NY 10007",https://www.nyc.gov/site/nycha/index.page
0155fefd-6cba-4e9d-a3b4-a59f4bcfe207,Touch Insight Systems,37.36854,-121.961472,"2094 Walsh Ave, Suite B2, Santa Clara, CA 95050",https://www.touchinsight.com/
01d28191-0916-4eca-a2a7-688b4ff49742,E2Value,41.054082,-73.536216,"P.O. Box 3518, Stamford, CT 06905",https://www.e2value.com/
0216742e-ce68-449d-9ae3-de5140bd7269,Pacific Field Services,38.586175,-121.416136,"1111 Howe Ave, Ste 445, Sacramento, CA 95825",https://www.pacfield.com/
03e5ad43-90ac-4b04-87ff-f91ab83d0431,Mortgage Bankers Field Services,41.979485,-88.137167,"1300 Greenbrook Blvd, Suite 202, Hanover Park, IL 60133",https://www.mortgagebankersfs.com
03f5b575-6444-49af-af13-ad0c60a562c1,NMFS,33.351238,-96.664632,"PO Box 244, Weston, TX 75097",https://nmfs.com
0415717f-11f0-4cd2-8041-6655510186d3,Reloology,40.068516,-74.948721,"501 Cambria Drive, Suite 123, Bensalem, PA 19020",http://www.reloology.com
041fe5fc-292e-4579-8e3c-71ddaf063482,Insurance & Safety ServicesInc.,32.803475,-96.79904,"3232 McKinney Ave, Suite 1500, Dallas, TX 75204",https://www.isnetworld.com
046582cb-47e1-4c97-9ea7-41b230bcdd2f,Insurance Loss Control Services,42.151202,-70.734146,"P.O. Box 554, Marshfield Hills, MA 02051",https://www.losscontrolsource.com/
04d0a721-f8a6-40d0-ae1b-f8f9d10394e0,Ernst & Young LLP,40.752713,-73.997463,"One Manhattan West, 395 9th Avenue, New York, NY 10001",https://www.ey.com/en_us/services
04d73b69-0269-4edc-992f-11f20e0ec081,WeGoLook,35.521956,-97.545651,"1900 NW Expressway, Suite 460, Oklahoma City, OK 73118",https://www.wegolook.com/
04e8825b-f9b2-4851-a0d2-035c2f240313,Overland Surveys,29.486512,-98.49757,"1528 W Contour Dr, Suite 204, San Antonio, TX 78212",http://overlandsurveyorshouston.com
0583abec-2dbb-47d0-807f-36251c1cb1bb,Absolute Lending Logistics,39.62181,-86.175319,"P.O. Box 249, Greenwood, IN 46142",https://absolutell.com/
0586d1d8-713e-4247-a36a-575e4c383722,Associated Services InspectionsLTD,29.867229,-95.582481,"12035 West Little York Road, Suite 455, Houston, TX 77040",https://www.associatedservicesinspections.net
05f6e2fd-a77e-4283-8723-3adccee0d316,Verisk Analytics,40.727745,-74.035314,"545 Washington Boulevard, Jersey City, NJ 07310",https://www.verisk.com
06e318c6-13c4-43c2-a9a1-be670a068361,2 Guys Termite Inc.,34.21318,-118.36375,"7842 Clybourn Ave, Sun Valley, CA 91352",http://2guystermite.com/
077c3783-9467-4514-9315-6b34fdcecb46,Sutton Inspection Bureau,27.770459,-82.71054,"5656 Central Avenue, St. Petersburg, FL 33707",http://www.sibfla.com/
08829554-0b92-4944-9aa5-5d45a5e4e840,SGS,40.817119,-74.101484,"201 Route 17 North, Rutherford, NJ 07070",https://www.sgs.com/
095a83da-4ebf-4d7d-905f-d35b1d8f4502,Birdseye Construction,32.978757,-97.269008,"4245 Haslet Roanoke Rd, Roanoke, TX 76262",https://birdseyeconstruction.com/
09f545c8-2f18-4d1f-a2dd-50dd9ea9a2d7,GridSource Incorporated LLC,30.44924,-91.185607,"P.O. Box 83978, Baton Rouge, LA 70884",https://www.gogridsource.com/
09f567c0-8d02-424d-b884-1951a0fec053,Altisource,34.058699,-84.290254,"2300 Lakeview Parkway, Suite 700, Alpharetta, GA 30009",https://www.altisource.com
0a096c4f-07a3-422f-aaf9-526a8f1e29eb,Underwriter Service Association,33.644947,-96.631042,"1208 Western Hills Drive, Sherman, TX 75092",http://www.underwriterservicesassoc.com
0a6843f6-581e-4455-a250-30d2506daa62,Wilmot Field ServicesLLC,44.099169,-123.468389,Address Not Publicly Listed,https://wilmotfieldservices.weebly.com
0b0ec444-e71e-4df7-96ee-8791d3638a64,EXL Service,40.757603,-73.973994,"320 Park Avenue, 29th Floor, New York, NY 10022",https://www.exlservice.com/industries/insurance/survey-and-risk-control
0c4878e8-def0-4774-823a-29c677923f0f,JMI Reports,36.159404,-86.773212,"222 2nd Ave S, Suite 1700, Nashville, TN 37201",http://www.jmireports.com
0dc6bc67-9a48-4fd6-835c-28fc10cb1d31,NEIS / Armstrong Risk Management,41.519717,-72.867698,"908 South Meriden Road, Cheshire, CT 06410",https://www.armstrongriskmanagement.com/
0e3f0f14-db79-440f-9406-ba16ec284b80,Qualified,29.813142,-95.309789,"P.O. Box 34304, Houston, TX 77234",https://qis-tx.com
0e728b7b-0059-4fba-8032-a3bf3679e43e,Core Consulting Group,32.914049,-117.110763,"9988 Hibert St., Ste 308, San Diego, CA 92131",https://www.corecongroup.com/
0eeb3092-ecb9-4eb2-91f1-b4546dd834f3,Lenders Quality Assurance,33.306349,-111.99672,"4001 E Mountain Sky Ave, Phoenix, AZ 85044",http://www.lendersqualityassurance.com
0f0035ab-3a1c-4dce-abe6-6d803d6c5f5a,First Look Home Inspection,42.099816,-87.897553,"1720 N. Burning Bush Lane, Mount Prospect, IL 60056",
0f200421-fb1e-4023-886a-103cd2afdcc5,Mortgage Specialists International,32.90905,-97.257878,"6032 Innovation Way, Fort Worth, TX 76244",https://www.msionline.com
0f44cb2d-7e10-4263-8435-95344d357e32,Ellis Mystery Shopping,32.888014,-96.970209,"1333 Corporate Dr, Suite 266, Irving, TX 75038",https://ellismysteryshopperjobs.com/
0f611a83-a1d0-454d-8fa6-2fa8fd910267,edgemarksolutions,33.613672,-111.925269,"13951 N. Scottsdale Rd, Suite 233, Scottsdale, AZ 85254",https://www.edgemarksolutions.com/
0fc1ad86-475c-4820-8504-0042d4edb757,CS Field Services,36.17372,-115.10647,"Las Vegas, NV",https://csfieldservices.com/
1009024e-8eac-4a2d-b6d6-dcbb8cd721e4,SuYash Consulting,39.178482,-76.801688,"6990 Columbia Gateway Drive, Suite 300, Columbia, MD 21046",https://www.suyashconsulting.com/
102d2a01-1691-419d-9e81-2073a8445d92,ECS Ltd (Engineering Consulting Services),38.899841,-77.433742,"14026 Thunderbolt Place, Suite 100, Chantilly, VA 20151",https://www.ecslimited.com/
10a40c44-d9f1-421a-bb76-8f8907375deb,Defense Logistics Agency,38.743425,-77.141006,"8725 John J. Kingman Rd, Fort Belvoir, VA 22060",https://www.dla.mil/
10f19eeb-753e-4e59-9e33-7db85b08e384,Inspectify,47.601885,-122.331757,"506 Second Avenue, Suite 3000, Seattle, WA 98104",https://www.inspectify.com
1157b21f-fd2a-43c0-9003-38c99d437129,National Safety & Risk,41.3607,-81.592642,"7887 Hub Parkway, Valley View, OH 44125",http://www.natsr.com
1215bdbf-3dcc-431e-84f8-a0e52b8a343f,ReSource Pro,40.752293,-73.978465,"60 East 42nd Street, Suite 1500, New York, NY 10165",https://www.resourcepro.com/
1247d6a3-3746-4c2a-8f7c-9889db7e40c6,E & S Inspections,33.786594,-118.298662,"P.O. Box 222525, Newhall, CA 91322",https://www.esinspectionsinc.com/
12a01029-a351-4cbc-a00a-9e7d31a7917f,Allstate Appraisal,41.521623,-87.656232,"320 W. 202nd Street, Chicago Heights, IL 60411",https://www.allstateappraisal.net/
12aeaf3c-3730-4e4d-9d51-60a9002c80fe,Five Brothers (now MCS 360),42.521365,-83.003091,"12220 East 13 Mile Road, Suite 100, Warren, MI 48093",https://www.mcs360.com/
13684f93-ae9f-43c8-87c7-e642ad050c7c,M & M Mortgage ServicesInc. acquired by mcs360,25.647565,-80.406812,"12901 SW 132nd Avenue, Miami, FL 33186",https://mcs360.com/join-our-team/
13a5462e-6918-40be-999b-4de20322931c,WAVSYS,40.710575,-73.965102,"101 Broadway, Suite 406, Brooklyn, NY 11249",https://www.wavsys.com/
13f04e86-4ebe-4f11-94fa-fe880b785638,Williams & Williams Auction,36.046411,-95.954603,"2448 E. 81st Street, Suite 2600, Tulsa, OK 74137",https://www.williamsauction.com/
15a65350-e5fd-4314-9f4c-b4d268e75e29,Equity Solutions USA,42.545951,-83.361627,"6304 Orchard Lake Rd, West Bloomfield, MI 48322",https://www.esusa.net/
161fe145-40e8-4f4e-9caa-302de5211c3b,GIS Field Services,32.839871,-96.774837,"6060 N. Central Expressway, Suite 500, Dallas, TX 75206",https://gisfieldservices.com
1632b4c2-3bac-4427-8817-4e0a3355bc62,Nationwide Virtual Site Inspections,33.248742,-111.865003,"3910 S. Alma School Rd, Suite 8, Chandler, AZ 85248",https://secure.virtualsiteinspections.com
16974254-8a05-447b-b515-d7c57ef6d1f4,Integrated Asset ServicesInc. now Sperry,33.671333,-117.858296,"18881 Von Karman Avenue, Suite 800, Irvine, CA 92612",https://www.sperrycre.com/
16add6ac-82c3-4de3-96a9-ea77733577d8,Quiktrak,45.460498,-122.789555,"8285 SW Nimbus Ave, Suite 115/119, Beaverton, OR 97008",http://www.quiktrak.com
16ca74d0-2f21-4325-9051-acb3b3b1781b,Terracon,38.931572,-94.795522,"10841 S. Ridgeview Road, Olathe, KS 66061",https://www.terracon.com/
175cf258-6e1c-41b0-becb-650ccc927758,Langer and Associates now NEIS and Armstrng,41.519717,-72.867698,"908 South Meriden Road, Cheshire, CT 06410",https://www.neis1.com/packages/worx/themes/worx/images/NEIS_Logo_2024_White.png
180b53da-8fe0-4d64-953f-1206639bdc06,Reliance Field Services,25.732309,-80.356412,"9971 Bird Road, Miami, FL 33165",http://www.reliancefieldservices.com
1957b04c-97a5-4b71-8a05-5d6dcb64c64c,2M Quality,39.440948,-77.039841,"1213 Liberty Rd, Suite 336, Sykesville, MD 21784",https://2mquality.com
1a85cb1e-405e-486d-b9ca-ca6d47b69098,S2 Inspections,40.726022,-111.87151,"675 E 2100 S, Suite 230, Salt Lake City, UT 84106",http://www.s2inspect.com/
1b148d3b-dd5d-4195-8dfb-c4831e8d65e7,Field Force Inspections,30.341531,-97.7549,"5900 Balcones Drive, Suite 8111, Austin, TX 78731",http://www.fieldforceinspections.com/
1bd5b4eb-1813-4475-9494-260f69f5d1ca,Sunshine Inspection Bureau,27.770459,-82.71054,"5656 Central Avenue, St. Petersburg, FL 33707",http://www.sibfla.com/
1c3808dd-1c1a-40e3-b69f-7e33237991d3,NatProPresREO,36.01683,-75.66629,"Kill Devil Hills, NC 27948",
1c724e03-d57c-4a34-9c26-f10bd487d3ac,MSI (now part of MCS Mortgage Services),32.991523,-96.983422,"350 Highland Drive, Suite 100, Lewisville, TX 75067",https://www.mcs360.com/
1c7664bb-97eb-4dae-aa4a-d64f9fcfb074,UPFRO,40.044901,-74.08407,"321 Mantoloking Rd, Suite 2D, Brick, NJ 08723",https://www.upfro.com/
1d86a8dd-c869-4a00-b73a-2e87f6d51943,Glotel,41.981639,-87.843412,"8700 W Bryn Mawr Ave, Suite 400N, Chicago, IL 60631",
1d89f962-0d8c-46c2-8218-911a18f1bea6,RK&K,39.286996,-76.606157,"700 East Pratt Street, Baltimore, MD 21202",https://www.rkk.com/
1debb519-ddc6-4243-a26c-55dcda4bd8ee,NWM Risk Management,45.426791,-122.748721,"6950 SW Hampton St, Suite 321, Tigard, OR 97223",https://nwmriskmanagement.com/
1e4c37b9-d12e-465e-aa89-dcaa20424df2,NIC Solutions,38.94374,-94.882351,"25501 West Valley Parkway, Suite 300, Olathe, KS 66061",
1ec01bd7-42db-4464-a4ad-0058fdced42c,Global Surveys,35.280765,-89.691696,"5674 Cleaves Dr, Ste 107, Arlington, TN 38002",https://www.globalsurveys.com
1ed138f6-74c2-4f39-8c38-ee0a5bd9d49f,PSI Services,38.940037,-94.792729,"18000 W 105th Street, Olathe, KS 66061",https://www.psiexams.com/
1f61de0d-80eb-4eb5-8f4c-a1e1bf06bcbd,Vanguard Inspection Services,39.197691,-78.152093,"188 Brooke Road, Suite 300, Winchester, VA 22603",https://vanguardhis.com/
1f8aeee4-5adb-4d75-a549-9012ba03058a,ECS Ltd,38.899841,-77.433742,"14026 Thunderbolt Place, Suite 100, Chantilly, VA 20151",
1fbfa468-4a0f-4d75-b462-d2c086bfbd44,Reotrans (via Equator),34.058699,-84.290254,"2300 Lakeview Parkway, Suite 700, Alpharetta, GA 30009",https://www.equator.com/
208e6dbd-38b3-4728-8f06-c7f64102ab53,Canadian Mortgage Loan Services Limited,45.628712,-122.647206,"1066 West Hastings Street, Suite 2110, Vancouver, BC V6E 3X2",http://www.cmls.ca
217cd63b-a8b4-4654-b537-44a142635327,Maiden & Associates Architecs/Engineers/ Planners,38.95424,-77.082717,"4930 Wisconsin Ave NW, Washington, DC 20016",http://www.maidenarchitects.com
21e89eb1-7d14-44fd-a1a9-1c5a055548f3,Verity Solutions,40.370684,-74.008432,"P.O. Box 484, Rumson, NJ 07760",https://verityinspections.com/
2235d0b3-a7fa-4605-8a34-f8dfbdc6dd9d,Safeguard Properties Management,41.3607,-81.592642,"7887 Hub Parkway, Valley View, OH 44125",https://safeguardproperties.com/
225f1d33-3e35-4e38-bbdc-de29af308f4c,WinnCompanies,42.359249,-71.057921,"One Washington Mall, Suite 500, Boston, MA 02108",https://www.winncompanies.com/
2283c69e-e3a7-4b62-87a6-a87b603309e2,Rocket Close,42.330921,-83.04528,"662 Woodward Ave, 10th Floor, Detroit, MI 48226",https://www.rocketclose.com
22e3f87b-a553-462d-b905-c3793adef878,Credible Home Inspections,41.387203,-81.304222,"Chagrin Falls, OH 44023",http://www.crediblehomeinspections.com
23205aa0-fd61-4240-8105-74db1429aa85,Venture Underwriting LLC,33.980927,-84.348046,"365 Northridge Rd, Suite 400, Atlanta, GA 30350",https://ventureunderwriting.com/
2342dc47-4494-43f0-8d8a-c72463399006,ARMStrong Insurance Services,40.192297,-85.216028,"12703 West State Road 32, Parker City, IN 47368",https://armstrong-is.com
2346320e-a17e-46db-a13e-6138b5f21a55,Castle High Value,40.757603,-73.973994,"320 Park Avenue, 29th Floor, New York, NY 10022",https://www.exlservice.com/
234c4b88-ba06-498d-b0bb-424a92d2714a,NextDay Inspect®,39.033993,-77.402203,"46179 Westlake Dr, Sterling, VA 20165",https://www.nextdayinspect.com/
23e80146-1a9e-4305-a20e-f13dd969374f,Nationwide Loan Inspections,34.10927,-83.76267,"P.O. Box 603, Braselton, GA 30517",https://nationwideloaninspections.com/
242c0d1f-a027-4b04-a6d9-5a7248e3fc39,Adaptive Property Solutions,38.795842,-77.609092,"7371 Atlas Walk Way, Suite 327, Gainesville, VA 20155",http://www.adaptivepropertysolutions.com
25c30192-e7e3-4050-a7e7-777d030c3ad2,Red Oak Field Services,47.691736,-116.654109,"P.O. Box 3829, Coeur d'Alene, ID 83816",http://www.redoakfs.com
25ea3092-52ef-40fc-9c0a-69d4830930ff,Certified Group,40.759737,-73.413412,"65 Marcus Drive, Melville, NY 11747",https://www.certifiedgroup.com/
264d59b9-3ad0-4298-97a2-3dd89ac20703,OPENLANE,39.950662,-86.15882,"11299 N Illinois Street, Suite 500, Carmel, IN 46032",https://www.openlane.com
26686d7a-0b14-43f3-9383-d92f00f0508b,ProTeck,42.387025,-71.199413,"465 Waverley Oaks Road, Suite 320, Waltham, MA 02452",
267b1b9d-09f3-4527-b6b3-c24b11ebce3a,Package Research Laboratory LLC,40.905594,-74.504037,"21 Pine Street, Suite 105, Rockaway, NJ 07866",http://www.package-testing.com
270d54bd-d563-4e94-aa42-8f48fe171f2e,Zakian Surveying & Appraisal Services,31.406683,-88.175846,"P.O. Box 282403, Al Barsha 1, Dubai, UAE",https://www.zakiansurveyors.com/
2740febb-ab09-4cde-bea6-9c4a328c4993,SCI Inspection,33.877753,-117.73109,"23001 La Palma Avenue, Suite 120, Yorba Linda, CA 92887",http://www.sciinspection.com
280b626d-cfc2-4047-bd96-dfc6736aeb00,AutoClaims Direct,33.144219,-117.319439,"P.O. Box 130547, Carlsbad, CA 92013",https://www.acdcorp.com
286c6e51-d0e7-4408-8855-99c53851dca6,Aspen Risk Management,32.829914,-117.119539,"4995 Murphy Canyon Rd, Suite 200, San Diego, CA 92123",http://www.aspenrmg.com
28a04bb0-7260-4626-b5dc-e3dde5ec29d8,OSP Inspectors Inc.,25.63024,-80.425262,"14230 SW 143 Ct, Suite 501, Miami, FL 33186",
2989b3e1-79d5-4d6e-9b2d-fe904c4c0251,Legacy Restoration,45.005958,-93.47576,"15350 25th Ave N, Unit 114, Plymouth, MN 55447",https://www.legacyrestorationllc.com/
2a72205d-c4bd-4af0-b2f2-f755cfb3a044,Delivery Solutions Of America,32.934667,-96.917276,"2029 McKenzie Drive, #150, Carrollton, TX 75006",http://www.4dsa.com
2a9ac784-dd98-46fa-8cd3-c696e3966fa9,Ellis Property Management,32.893267,-96.990115,"6230 N Belt Line Rd, Suite 318, Irving, TX 75063",https://www.epmsonline.com/
2abed272-e5f8-4d59-b19f-e4423b07931a,Technical Insurance Services (TIS),35.927695,-84.045592,"1900 North Winston Road, Suite 100, Knoxville, TN 37919",http://www.tisinspects.com
2b9760cb-432d-4f52-8e90-3c905ff55e61,Wilmot Field Services LLC,44.099169,-123.468389,Address Not Publicly Listed,https://wilmotfieldservices.weebly.com/
2bf88532-d2fe-4fa1-a25f-7a70609c82fe,Davies Risk Services,30.237991,-81.625052,"P.O. Box 110259, Lakewood Ranch, FL 34211",https://daviesgroup.com
2d166d69-5007-4e21-a82d-d1016b789909,Pro Teck Valuation Services,42.387025,-71.199413,"465 Waverley Oaks Road, Suite 320, Waltham, MA 02452",https://www.stewartvaluation.com/
2d28bacc-a295-46e2-9a7e-e3909dcfc08d,Virtual Site Inspections,33.248742,-111.865003,"3910 S. Alma School Rd, Suite 8, Chandler, AZ 85248",https://virtualsiteinspections.com
2df9a0ea-9d7a-4a1a-aac1-256837f6f328,Prometric,39.275241,-76.569004,"1501 South Clinton Street, Baltimore, MD 21224",https://www.prometric.com/
2e8d91e7-7d55-432e-a223-367b9cb5feff,Northsight Management,33.573305,-111.887629,"8901 E Mountain View Road, Suite 100, Scottsdale, AZ 85258",https://www.northsight.com
2eb89cd9-f9dd-433c-bc34-34ad0fbfbe8b,Complete Claims Service,40.672596,-73.473859,"100 Broadway, Suite 1, Massapequa, NY 11758",https://completeclaims.com/
2fe79dd8-594a-4934-aab4-3294bc91c3f1,Best Choice Roofing,35.748162,-81.371775,"1224 19th Street Ln NW, Hickory, NC 28601",https://bestchoiceroofing.com/
30c3c5e1-f2c3-4e5f-8212-3205de19db5e,USA Field Services,44.099169,-123.468389,Address not verified,https://usafieldservices.com/
3294e778-a61a-486a-86f6-68337d96fae1,TheBest Claims Solutions,33.629518,-112.030238,"15685 N. Cave Creek Road, Phoenix, AZ 85032",
33b39021-2330-431e-8f34-409305e0332f,Inspection Services,44.91347,-123.021286,"2747 Pence Loop SE, Salem, OR 97302",https://www.is-rtr.com/pages/services
34233454-3ceb-4a87-a7c3-9a8176dff863,Cross Check Auditors,41.883391,-87.647957,"810 W. Washington Blvd, Chicago, IL 60607",https://www.crosscheckpremiumaudit.com/
34f4cb32-3716-4b1e-88bf-0d84fed5e16e,Datacomp Appraisal Systems,43.042291,-85.604698,"2600 Five Mile Road NE, Grand Rapids, MI 49525",https://www.datacompusa.com
35c14adc-08c4-4ab7-9515-9339af9ceb19,Transfer Ease,35.763123,-88.605332,"2560 Matheson Blvd E, Suite 118, Mississauga, ON L4W 4Y9",https://transfereaserelocation.com
3632ca4f-3450-4da6-a667-bec3af1d5c86,InTouch Insight Systems,37.960096,-82.090612,"400 March Road, Ottawa, ON K2K 3H4",https://www.intouchshoppers.com
365f0247-2d2e-48bd-ab11-744514bfdc10,Fidelity National Field Services Inc,40.372716,-75.919172,"2501 Kutztown Road, Reading, PA 19605",https://www.fidelitytech.com/field-services/
37603b07-298c-483b-a506-17ce9f8d55da,GCS Field Research,35.006628,-80.852018,"1061 Red Ventures Dr, Fort Mill, SC 29707",https://gcsfieldresearch.com
3778a69a-a143-4c69-b952-7822dd0884ea,National SFS,44.099169,-123.468389,Address Not Publicly Listed,https://www.nationsfs.com/
37a30f62-002e-4f3d-889c-e8cc07dd38bd,EcoShield Pest Solutions,33.284425,-111.783663,"275 E. Rivulon Blvd, Suite 106, Gilbert, AZ 85297",https://www.ecoshieldpest.com/
37ddf405-c84b-48b2-9bbe-b671a917932c,ASI Auto GroupLLC,35.890746,-86.965691,"P.O. Box 682623, Franklin, TN 37068",https://asiag.com/
3adeec1b-aa3a-4b2f-a760-f06dae2a7046,Metro Inspections,33.531753,-112.177935,"P.O. Box 6537, Glendale, AZ 85312",http://www.metrositeinspections.com
3e7bbf62-1441-4f08-aaaf-f0599d90e8c2,ServiceLink,40.487938,-80.199636,"1355 Cherrington Pkwy, Coraopolis, PA 15108",https://www.svclink.com/
3eaf1cce-2c25-4c0e-a85d-cfd4278dc601,Solidifi,42.875671,-78.851817,"701 Seneca Street, Suite 660, Buffalo, NY 14210",https://solidifi.com/
3edfc227-2231-4d2f-9dce-1db1b3b44b29,Majestic Service Co.,40.520654,-74.279144,"Perth Amboy, NJ 08861",http://www.majesticservicecompany.com
3ffff9b7-69a0-4c8a-8d09-f1d2c178f32c,Nationwide Loans,33.303512,-111.997947,"3961 E Chandler Blvd, #111-236, Phoenix, AZ 85048",https://www.drawrequest.com
4058a16b-77cb-415b-82f9-4fb102cfe92d,Lemonsquad,46.616147,-94.235561,"P.O. Box 825, Pequot Lakes, MN 56472",https://www.lemonsquad.com
40b77272-b4a8-4b96-af39-158ac1b51730,Datarep Associates,42.539428,-71.246363,"655 Boston Rd, Suite 5A, Billerica, MA 01821",http://www.datarepassociates.com
40c17ad1-473f-4d2f-90a2-80c6505be0c6,Merchandiser/Survey.com,42.358459,-71.060841,"1 Beacon St, Boston, MA 02108",https://merchandiser.survey.com/retailgigs
4108581a-6e1e-4c2a-a6ea-c28ff450aab0,US Real Estate Services,33.662738,-117.685781,"25520 Commercentre Dr, Lake Forest, CA 92630",https://www.usres.com/
4152b4c1-d888-4e31-a829-37cc07755bd7,DRW LLC,45.500263,-122.67964,"3138 SW 2nd Ave, Portland, OR 97201",https://drwllc.com/
424bad4c-a4fa-493d-9b0e-011f757de3a4,TPG Alliance Limited Liability Company,34.87923,-92.572248,"Roland, AR 72135",
429ba697-3af8-4a41-bea9-8014c40cbf41,Test Center USAInc.,29.746883,-95.606648,"1880 S Dairy Ashford Rd, Houston, TX 77077",
429bd40b-b9ae-40dd-be56-1491ab7cdd7b,Wrench,47.604527,-122.330615,"701 5th Ave, Suite 7150, Seattle, WA 98104",https://wrench.com/
429c070a-efe1-45d0-ad56-170e7b8eff95,Desert View Inspection,32.89055,-111.753991,"P.O. Box 10517, Casa Grande, AZ 85130",
42c1474c-7da9-4973-9850-09350c2585cd,NIIS (National Inspection Services),36.837798,-119.771081,"1040 E. Herndon Ave, Suite 205, Fresno, CA 93720",https://www.nationalis.com
430c5a4e-b716-406f-9530-7613d4fa2613,Local Vacation Rentals,33.322977,-83.371641,N/A (Instructional Note),RUN ON LOCAL Companies hiring contractors
445a5cc0-3c98-403d-99f4-82464855eb3b,Sedgwick,35.058098,-89.790569,"8125 Sedgwick Way, Memphis, TN 38125",http://www.sedgwick.com
44d8c6e6-a262-4edd-81c9-e10f48d48f4d,Turner Construction Company,40.755355,-74.000065,"66 Hudson Boulevard East, New York, NY 10001",https://www.turnerconstruction.com/
455ce808-b585-4e0f-b2c7-4e8ce616c598,Mortgage Connect LP,40.49517,-80.201457,"600 Clubhouse Drive, Moon Township, PA 15108",https://www2.mortgageconnectlp.com/solutions/valuations/
45658065-78be-44c0-b9e9-b634cf417212,Asteroom Inc.,37.483685,-121.944891,"46520 Fremont Blvd, Suite 610, Fremont, CA 94538",https://www.asteroom.com/en
460b89c7-0664-45da-ad7c-1cc7b9a4b186,Perry Johnson Registrars Food Safety Inc.,42.560303,-83.160857,"755 W Big Beaver Rd, Suite 1390, Troy, MI 48084",
46378ac5-cea4-4396-90e8-b5a1b4168d32,Cartus A division of Realogy a huge global company,41.382668,-73.532205,"100 Reserve Road, Danbury, CT 06810",http://www.cartus.com
4741ce8a-015d-4d5b-ae5c-035f88581cea,System One,40.442006,-80.00003,"210 Sixth Avenue, Suite 3100, Pittsburgh, PA 15222",https://www.systemone.com/
47e4dac6-d7f7-4d75-abf1-a27e5d6a2e86,FieldChoiceLLC,33.68405,-117.884511,"3070 Bristol Street, 2nd Floor, Costa Mesa, CA 92626",https://www.fieldchoice.com
4872a8d1-5c47-4f72-b205-c26f556e92f9,CIS,32.929271,-97.115333,"2345 Dean Way, Southlake, TX 76092",https://cisinspects.com
497c9d38-96d6-43f3-94a8-fbda0dce1005,Society of Independent Representatives,44.099169,-123.468389,Address Not Verified,
4aec55f5-60c4-416c-9c60-1d0bdb87c53d,Axis Appraisal Management Solutions,37.974053,-122.528789,"1101 Fifth Avenue, Suite 210, San Rafael, CA 94901",https://www.axis-amc.com
4b53d150-2143-4e36-9072-cec53ec751ec,Agent Validate,30.237991,-81.625052,"P.O. Box 110425, Lakewood Ranch, FL 34211",https://agentvalidate.com/
4ceaf962-2b96-4a74-a387-1ada9cc69ef1,Field Group Inspections,42.28947,-87.957724,"Libertyville, IL 60048",https://fgiservices.com/
4d82d24a-0508-4f3e-9c73-ac093121c551,"Field Asset Reporting, LLC",39.525749,-119.813051,"P.O. Box 17113, Reno, NV 89511",https://www.farinspections.com/
4de68ae6-2712-4e13-90ea-fb5ce0c7faf1,Strategic Property Associates,33.67072,-117.654151,"27422 Portola Pkwy, Foothill Ranch, CA 92610",https://strategicproperty.com/
4e5152d8-cb8b-4eb4-b096-f68f8a69b7e5,Hossain Preservation Service,34.06665,-118.29322,"425 S New Hampshire Ave, Los Angeles, CA 90020",https://hossainpreservation.com/
4ec172df-fbfd-4141-8796-e4cb4eaa2528,COLEMAN CONSULTING GROUP LLC,37.974053,-122.528789,"1101 Fifth Avenue, Suite 345, San Rafael, CA 94901",https://www.coleman-consulting.com/
4f00eebb-5434-428c-8311-306207542612,Vision Realty & Management,33.580632,-85.075531,"402 Adamson Square, Carrollton, GA 30117",
508eaec7-7cec-4167-a841-60580b687565,Alexander & Schmidt,43.79922,-70.1886,"500 US Route One, Yarmouth, ME 04096",https://www.alexanderschmidt.com/
5119ffe4-dc18-4278-bb98-0a8d3b5593f7,Far Inspections,39.525749,-119.813051,"P.O. Box 17113, Reno, NV 89511",https://www.farinspections.com
51e71f3d-6e99-4ecd-927c-7e1e7c952c62,"Midwest Technical Inspections, Inc.",41.97424,-88.12938,"5555 Arlington Drive East, Hanover Park, IL 60133",https://www.mtinspections.com/
5206723a-2fdf-4b10-9869-3204bffafe23,Information Providers,44.9229,-93.412177,"33 10th Ave S, Suite 301, Hopkins, MN 55343",https://www.informationproviders.com/
535b6fd5-80f6-4552-861e-095905faa603,Red Rock Companies,28.080444,-82.507712,"14502 N Dale Mabry Hwy, Tampa, FL 33618",https://www.redrockcompanies.com/
54719498-c9fc-4be0-a8e2-6b7d3ac97c52,National Van Lines,41.862677,-87.867052,"2800 West Roosevelt Road, Broadview, IL 60155",https://www.nationalvanlines.com/
559283c1-3165-4f9e-8bf1-b14aa078e953,NIIS,36.837798,-119.771081,"1040 E. Herndon Ave, Suite 205, Fresno, CA 93720",https://www.nationalis.com
55bac4ea-fc89-4957-b133-837d6e166922,GreenWorks Inspections & Engineering,32.80928,-96.805951,"3626 N Hall St, Suite 610-G91, Dallas, TX 75219",https://greenworksinspections.com/
567b29d6-5519-4294-935c-3e9cf3be6b9e,Majestic Service Company,40.520654,-74.279144,"Perth Amboy, NJ 08861",http://www.majesticservicecompany.com
56a45937-6e12-45cf-9d23-80f830d3e8d7,Continental Risk Management,40.340984,-74.202427,"31 The Enclosure, Colts Neck, NJ 07722",http://new.continentalrisk.com/WhatWeDo2.asp
57b27f19-566e-4d58-afb7-0bbf84bbef64,K&A Engineering,41.03487,-73.764762,"445 Hamilton Ave, Suite 406, White Plains, NY 10601",
59a90dbf-16af-41cb-a255-1573fa471519,Sand Castle Field Services,43.03134,-88.136396,"175 N Patrick Blvd, Suite 140, Brookfield, WI 53045",http://www.sandcastlefs.com
5a1e4d0d-55a2-4732-92a5-c84430c190e3,Field Solutions,42.253027,-87.840413,"736 N. Western Avenue, Suite 219, Lake Forest, IL 60045",https://www.fieldsolutionsinc.net/
5aa363ba-7f3a-43ff-b255-9d644e9ff4f6,USInspect,36.851844,-76.287909,"440 Monticello Ave, Ste 1802, PMB 77324, Norfolk, VA 23510",https://us-inspect.breezy.hr/
5bfca432-18ca-47c6-9031-ed29fa3f75a1,Class Valuation,42.559091,-83.115077,"2600 Bellingham Dr, Suite 100, Troy, MI 48083",https://www.classvaluation.com
5cc16767-6bae-4fa8-bc77-cc6678a963df,Mortgage Contracting Services,32.991523,-96.983422,"350 Highland Drive, Suite 100, Lewisville, TX 75067",https://mcs360.com/
5da921b1-cd3b-4ebc-a970-ba99daf5cea5,Restoration Services,42.95452,-74.37652,Multiple matches found,
5e77c4dc-7da7-4aef-888d-496a5ce32f4e,Strategic Property,33.67072,-117.654151,"27422 Portola Parkway, Suite 150, Foothill Ranch, CA 92610",https://strategicproperty.com/
5ec85be5-5203-4732-9989-f07edda90c86,Five Brothers now merged with MCS 360,42.521365,-83.003091,"12220 East 13 Mile Road, Warren, MI 48093",https://mcs360.com
5ee5ccfe-74cd-4667-af4e-75998a4042f5,ISN Corporation,39.027764,-77.142984,"10411 Motor City Dr, Suite 700, Bethesda, MD 20817",http://www.isncorp.com
5f781467-ff97-4e9c-91ba-9b7187bb649b,Sport Management Group Inc.,35.89952,-78.596699,"2444 Deanwood Dr, Raleigh, NC 27615",http://www.smg-usa.com
5f9a77fb-674f-4161-991a-9ea0cb261884,GRIP Inspections,40.712144,-73.424143,"1 Rome St, Farmingdale, NY 11735",https://www.gripinspections.com
5fe15516-2be9-4328-b159-be08249bc5e5,Remington Evaluations,42.583382,-83.500878,"Commerce Township, MI 48382",https://www.remysteryshops.com/
60058822-bbaa-435e-aa7e-64fce59b97d0,CIS Group,32.929271,-97.115333,"2345 Dean Way, Southlake, TX 76092",https://www.cisgroup.net
614c3016-ccba-4eac-99ab-b83782273040,NVMS,38.797374,-77.532834,"11310 Balls Ford Rd, Manassas, VA 20109",http://www.nvms.com
61b0fde7-a71e-4365-8245-f62fe2556113,Field Nation,44.975892,-93.270931,"733 Marquette Ave S, Suite 800, Minneapolis, MN 55402",https://www.fieldnation.com
63559bc7-10a1-4a90-a484-f438521be616,First American Residential Value View,33.701309,-117.865494,"3 First American Way, Santa Ana, CA 92707",https://www.firstam.com/
64831469-e9b8-49ed-8317-19af9f75fc4a,TrendSource,32.763842,-117.20332,"4891 Pacific Hwy, Suite 200, San Diego, CA 92110",https://www.trendsource.com/
655ae957-810e-4cc1-b7f0-f9f057ea0531,SCR Group Services,40.095761,-75.407765,"1000 First Avenue, Suite 200, King of Prussia, PA 19406",https://www.scrgroupservices.com/
66fdbd39-fff1-49cd-9aa6-f944549d61cf,Network Mortgage Servicing,34.184948,-118.597221,"6320 Canoga Ave, Suite 1500, Woodland Hills, CA 91367",http://www.networkmortgageservicing.com
6768cd87-a8c3-40cd-bab1-783307e0c249,Tran Star-Tech,44.099169,-123.468389,Address Not Verified,http://www.transtartech.com
67e0f05a-5926-435d-87d4-50a6238c0733,Pilot Catastrophe Services,30.668048,-88.190206,"1055 Hillcrest Road, Mobile, AL 36695",https://www.pilotcat.com/
68150304-c2bb-492d-b3aa-498fa7d173ca,Carco Group,40.896013,-73.146312,"17 Flowerfield, Suite 32, St. James, NY 11780",https://www.carcogroup.com/
68886852-902d-403d-9b55-67c5500da417,Sure Point Inspections,39.522976,-119.81155,"200 South Virginia St, Suite 800, Reno, NV 89501",
6ae4ef8b-7777-4ac8-89b1-87944f9fe59f,eValuationSolutions,45.444345,-122.775032,"10300 SW Greenburg Rd, Portland, OR 97223",
6b6396bf-93ab-4137-9efc-cec7ebb5919a,MTI Inspection Services,41.97424,-88.12938,"5555 Arlington Dr E, Hanover Park, IL 60133",http://www.mti-inspections.com
6ba7d7d7-b805-4808-860e-3d8892986c17,Pacific Inspections Inc.,38.57846,-121.489972,"1215 K Street, Suite 1700, Sacramento, CA 95814",https://pacificinspectionsinc.com/
6cb341bc-8a30-46ae-80fd-fc7a2fe0cd54,National Vendor Management Services NVMS,38.797374,-77.532834,"11310 Balls Ford Rd, Manassas, VA 20109",http://www.nvms.com
6ccc17ac-8c15-4993-bdd7-6df797a91f83,Breckenridge Cabin Company,39.475323,-106.022472,"Breckenridge, CO 80424",
6dc79afb-f681-4786-af46-7654aa85cf33,Building & Earth Sciences,33.504015,-86.814841,"1110 3rd Avenue South, Birmingham, AL 35233",https://buildingearth.com
6deed4b6-bd04-4d7f-9d6f-be3265b27416,The Real Solutions Group,33.619141,-117.873994,"620 Newport Center Dr, Suite 1100, Newport Beach, CA 92660",https://theresolutionsgrp.com/
6e1b3338-9df9-4f2a-98ba-f03b99f69848,Accurate Appraisal Management Services,33.665338,-112.110765,"2401 West Behrend Dr, Suite 5, Phoenix, AZ 85027",https://www.aamsappraisals.com/
6e8111cc-09cd-4c7d-b521-f6934f555f95,Technicon Enterprises II,40.30162,-75.96414,"200 Philadelphia Ave, Morgantown, PA 19543",https://www.technicon.com/
6f7deab3-f570-4d14-b0f6-e69cb5441b45,Tru Appraisal,41.769068,-72.620669,"330 Roberts St, #302, East Hartford, CT 06108",https://truppraisal.com/
6fc55acc-2e08-40d9-a0cf-049504a73a1c,Landmark Field Services,32.762411,-97.068936,"2301 E. Lamar Blvd, Suite 200, Arlington, TX 76006",https://www.lfsrow.com
6fd22619-6df1-4b7b-a0d1-101497b0e032,EXL Overland SolutionsInc.,40.757603,-73.973994,"320 Park Avenue, 29th Floor, New York, NY 10022",https://www.exlservice.com/industries/insurance
70c9b230-99b0-4781-827c-85492c953a42,Pinnacle Mystery Shopper,33.002495,-96.726313,"501 W President George Bush Hwy, Richardson, TX 75080",
7145a077-3e08-4769-bbce-d86f0c83a69f,Asset Management Outsourcing Services,33.933007,-84.147741,"4405 International Blvd NW ste b 102, Norcross, GA 30093",https://amoservices.com/
7194939d-112b-4b10-9e4b-fccd82f77dce,ProProperty Inspection & Services,32.779356,-117.012701,"5500 Grossmont Dr, La Mesa, CA 91941",
73241b4a-693c-4694-8931-fad70734e5d5,Nations Valuation Services,40.079977,-82.920129,"3700 Corporate Dr, Suite 100, Columbus, OH 43231",https://www.nationsvs.com
73d08324-f706-4f56-8449-a5c6c7b6557c,"ReloOlogy Inspection Management Services, LLC",32.810583,-96.805731,"3710 Rawlins St, Suite 1420, Dallas, TX 75219",https://www.reloology.com/
741e2795-155e-4d74-9db8-a3c1ae947455,Inspection Depot,30.28909,-81.524871,"3131 St. Johns Bluff Road South, Jacksonville, FL 32246",https://inspectiondepot.com/
74710c8a-4124-409b-8396-95f123552db2,National Creditors Connection Inc.,33.670202,-117.672101,"14 Orchard, Suite 200, Lake Forest, CA 92630",http://www.nationalcreditors.com
74952806-2b8e-450d-9e31-79d93d35e856,ProxyPics,41.960092,-87.779735,"6103 W Montrose Ave, Chicago, IL 60634",https://www.proxypics.com
76796ab5-afdf-4281-b1b1-045a8d91fe56,Cubic Yard.com,44.099169,-123.468389,Address Not Verified,
7762e9ba-430f-45a0-aff7-a3f7007b6251,EquicheckLLC,40.86995,-73.04735,"P.O. Box 478, Selden, NY 11784",http://www.equicheck.com
79836058-ba87-410a-b295-7be347790838,WayPoint,27.973409,-82.336464,"3220 Parkside Center Cir, Tampa, FL 33619",https://waypointinspection.com/naca-inspection/
79eee881-00d1-4d3c-a5c6-d397e586876f,The Clover Collective ($35/inspection),44.099169,-123.468389,Address Not Verified,
7a34a39b-042b-4609-9fef-145e5553443e,Propm Inc,45.390945,-122.644684,"18676 Willamette Drive, Suite 100, West Linn, OR 97068",https://www.propmhomes.com/
7ae25d34-f7a4-4f48-807f-7459fc30a083,Superior Mortgage Services,27.893008,-82.694884,"4590 Ulmerton Rd, Suite 104, Clearwater, FL 33762",https://www.sms-fl.com/
7b73af20-7641-46a3-afbe-c5444f3b9813,The Shadow Agency,32.867855,-96.949314,"4545 Fuller Drive, Ste 406, Irving, TX 75038",https://theshadowagency.com/
7c1d5714-45c7-4462-92d8-cec654ba2a4a,Trinity Real Estate Solutions,32.908319,-96.956403,"7301 State Hwy 161, Suite 210, Irving, TX 75039",https://www.trinityonline.com/
7c674ace-7234-494e-8fc1-b4e910c678bb,TPG Alliance LLC,34.87923,-92.572248,"Roland, AR 72135",
7dd36785-24a9-41c4-98de-47406eb327b0,Cardinal Field Services,33.638412,-112.439729,"17701 West Bell Road, Surprise, AZ 85374",https://cardinalfieldservices.us
7e16eb81-66dd-4ce6-9eb8-cbd3ad5568aa,FGI Services,42.28947,-87.957724,"Libertyville, IL 60048",
7e9161b3-af60-4510-bc51-f218aea618d3,Afirm formerly us-reports,40.518057,-105.011554,"3528 Precision Drive, Suite 200, Fort Collins, CO 80528",https://afirmsolutions.com
7fa7c4dd-746a-4f12-8e2e-81b6cf333538,Spotless Chimney Sweeping & Solutions,41.641022,-72.725425,"124 White Oak Dr, Berlin, CT 06037",
8037304d-07c7-4cc7-8445-b0e8c2ef84b7,Mainstreet,39.930917,-86.109458,"3085 E 98th St, Suite 110, Indianapolis, IN 46280",
819f1b98-d8f5-44c7-a5cd-41d1d5e90b7b,Fidelity Inspection and Consulting Services,38.674126,-90.376147,"1000 Dielman Rd, St. Louis, MO 63132",https://www.frsonline.com/expertise/inspections
82641e01-303d-49f3-bcc9-9355e6104950,EquiCheck LLC,40.86995,-73.04735,"P.O. Box 478, Selden, NY 11784",https://www.equicheck.com/
82a7605a-113a-4b38-b177-08e6ba7f0fc2,Cyprexx Services,27.946626,-82.325086,"525 Grand Regency Blvd, Brandon, FL 33510",https://www.cyprexx.com
83a151b2-01d9-4ad6-9522-997ed9897906,Manhattan Strategy Group,38.895868,-77.021696,"437 7th Street NW, Suite 200, Washington, DC 20004",https://www.manhattanstrategy.com/
84af973a-b9b7-4c2b-8abe-a62590bb76fc,NotaryCam,33.670606,-117.862036,"4695 MacArthur Ct, Suite 1100, Newport Beach, CA 92660",https://www.notarycam.com/
8519b9cb-0df7-4e4b-a3b4-4634049eedd0,McDargh Real Estate Services Inc.,28.564675,-81.585752,"108 South Main Street, Suite D, Winter Garden, FL 34787",http://www.mcdarghconsulting.com
85b7bcca-63c0-4b31-8a67-db4752530426,Colonial Claims Corporation,32.731533,-117.161137,"409 Laurel Street, Suite 300, San Diego, CA 92101",https://www.colonialclaims.com
86d362d9-bc45-4870-aac3-47371545f12d,NorthSight,33.573305,-111.887629,"8901 E Mountain View Road, Suite 100, Scottsdale, AZ 85258",https://www.northsight.com
884f404c-c9a6-44ca-831a-186279cc71db,National Association of Mortgage Field Services,40.079977,-82.920129,"3700 Corporate Dr, Suite 100, Columbus, OH 43231",http://www.namfs.org
896f41db-accd-4768-9231-651db2c7c448,H&S Loss Control Inspections,27.99278,-82.547038,"5110 Eisenhower Boulevard, Suite 250, Tampa, FL 33634",http://hsreports.com
8aeb63ba-968a-4200-9717-2d4ea6f0e881,Congruex,40.025783,-105.2234,"2580 55th Street, #200, Boulder, CO 80301",https://www.congruex.com/
8bcb6780-ce6d-4c84-bbb0-e4bf70b37ddc,Atlantic & Pacific Build Group,33.687528,-117.857825,"18005 Sky Park Cir, Suite F, Irvine, CA 92614",https://atlanticpacificbuildgroup.com/
8c0212f9-523e-4e8a-ab01-8d5ac96bcc4b,Vis (Valuation Inspection Services),34.03666,-118.44346,"11400 West Olympic Blvd, Suite 200, Los Angeles, CA 90064",https://www.vinspection.net/
8c9d9e2d-170a-4967-aa61-f638aeff24b1,Platinum Home Design LLC,44.099169,-123.468389,Address Not Verified,
8d08c718-49ce-4660-b1b5-63c7d5cd7107,Old Republic,41.887091,-87.624186,"307 North Michigan Avenue, Chicago, IL 60601",https://www.oldrepublic.com/
90480f78-c992-4802-b6de-55c7db779cc3,Guardian Portfolio Services,40.776557,-73.466009,"1120 Old Country Road, Plainview, NY 11803",https://www.guardianps.com
9070596c-8bf5-42e6-bbd3-a7515477846b,Appraisal Nation,36.093114,-80.279471,"201 S Stratford Rd, Suite 200, Winston-Salem, NC 27103",https://www.appraisalnation.com/
90886a0f-2c49-4c28-a1f5-b4bb3177a03c,Twining,33.815647,-118.14511,"2883 East Spring Street, Suite 300, Long Beach, CA 90806",https://www.twininginc.com/
90ff005d-5a06-47a8-98bd-7409d92f8206,Givemethevin.Com,32.776879,-97.282344,"4500 Airport Fwy, Suite 100, Fort Worth, TX 76117",
91d8d7de-8e7e-4eec-b132-2f4b700f6633,Brookstone Management LLC,40.137766,-74.190711,"483 Oak Glen Road, Howell, NJ 07731",https://www.brookstonemanagement.com
91e2be64-0bff-4a85-9f50-0b6a16ced23b,Shore Field Inspections,39.090612,-75.85887,"311 Ell Morris Rd, Henderson, MD 21640",shorepropertyinspections.com
925c936a-78f9-4fc3-bf58-8ecd578d4d84,Ocwen,26.697397,-80.075887,"1661 Worthington Road, Suite 100, West Palm Beach, FL 33409",
930291d5-8a55-4b85-9a23-b114e387c82b,Verisk,40.727745,-74.035314,"545 Washington Boulevard, Jersey City, NJ 07310",https://www.verisk.com/
931724c1-0f73-444a-9f17-139d2fee3913,Maiden & Associates Architects / Engineers / Planners,38.95424,-77.082717,"4930 Wisconsin Ave NW, Washington, DC 20016",https://www.maep.com/
93330b73-5296-408b-bab1-243eaa637c96,Casago,33.613628,-111.91493,"7655 E Redfield, Suite 3, Scottsdale, AZ 85260",https://casago.com/
93bdea4d-995f-4e49-905a-5a9519c65dcc,Radata,40.834876,-74.689884,"27 Ironia Rd, Unit 2, Flanders, NJ 07836",http://www.radata.com
94673790-fd7c-456a-8cd8-4b5d0d571e4d,Insurance Safety Consultants,32.986618,-96.802041,"17304 Preston Road, Suite 965, Dallas, TX 75252",https://isclc.com/
94bc2c1b-9d1a-4b50-bcbc-cdf860f103d2,Insursolv LLC,44.099169,-123.468389,Address Not Verified,http://insursolv.com/
94f6f140-d397-47b2-a8e3-367ced3ccf00,TheRepReport.com,44.099169,-123.468389,Address Not Verified,
9513047c-c647-4a75-a721-f008294aa41e,Reotrans.com / equator.com,33.976739,-118.391139,"6060 Center Dr, Suite 500, Los Angeles, CA 90045",
95c100e3-d1ec-417e-a99b-2d556646a304,National Inspection Services,36.837798,-119.771081,"1040 E. Herndon Ave, Suite 205, Fresno, CA 93720",http://www.nationalis.com
95cea52e-de65-401e-a707-4fa4fa6b4cd2,Roofstock,37.81188,-122.263859,"2150 Valdez St, Oakland, CA 94612",https://www.roofstock.com/
96138c99-8495-4ee7-88cf-99740a298044,CCDI LLC,28.375291,-80.604973,"109 Cleveland Ave, Cocoa Beach, FL 32931",https://ccdiusa.com
9660681d-15da-4dfe-a654-0fd0dc693917,ID Plans,27.94762,-82.45936,"400 North Tampa Street, Suite 2210, Tampa, FL 33602",https://www.idplans.com
96961686-7341-4dca-8c6f-6bcd686c3e9a,NOFS Inc.,41.404283,-81.929162,"5918 Porter Road, North Olmsted, OH 44070",https://nofsinc.com/
96a45d4e-af88-4a21-b242-ca5929c81095,SingleSource Property Solutions,40.274113,-80.166533,"1000 Noble Energy Drive, Suite 300, Canonsburg, PA 15317",https://www.singlesourceproperty.com/
96abc8dc-9025-49b6-ae9a-c9e759dbf279,Absolute Value Management Corporation,42.353149,-71.058031,"One Lincoln Street, 24th Floor, Boston, MA 02111",https://avappraisalmgmt.com/
96cd08bd-6a5e-4316-b4b8-9c7cd5b7aed8,WSP USA Inspection Services,43.0709,-76.156041,"600 Court Street, Syracuse, NY 13208",https://www.wspinspectionservices.com/
97030951-c9cd-42ae-9f5d-c1094e6b4764,Shiner Exteriors,38.988004,-77.445335,"22735 Executive Dr, Suite 180, Sterling, VA 20166",
971b2735-a9da-4a80-8b0b-d9c664a77118,DRW-LLC,45.500263,-122.67964,"3138 SW 2nd Ave, Portland, OR 97201",
97d5de45-cc5c-4859-b674-45e8329924e1,Carco GroupInc.,40.896013,-73.146312,"17 Flowerfield, Suite 32, St. James, NY 11780",https://agent.carcogroup.com
98370178-8ba9-4382-9457-a3b8d3c1e1d2,MountainCreek Solutions,30.285991,-81.487917,"12620 Beach Blvd, Suite 3-306, Jacksonville, FL 32246",https://mountaincreeksolutions.com
98c50603-145f-4aeb-9d42-6ecd77637e28,Turner Pest Control,30.217768,-81.578898,"8400 Baymeadows Way, Suite 12, Jacksonville, FL 32256",https://www.turnerpest.com/
996fc62c-0926-4857-930d-a3e9e4dfca56,National Field Representatives,43.364264,-72.361796,"136 Maple Ave, Claremont, NH 03743",https://www.nfronline.com/
99952387-ef7d-4422-960b-6877f9c4775d,Pyramid Platform,33.670606,-117.862036,"4695 MacArthur Court, Suite 1100, Newport Beach, CA 92660",https://www.pyramidplatform.com/
99eba558-248c-4ea0-8bda-5c12400773eb,Koncept Carma,47.299032,-122.213243,"1007 M St SE, Auburn, WA 98002",https://www.konceptcarma.com/
9a0a9c1a-73b9-48ba-a37c-688041861923,State Farm Mutual Automobile Insurance Company,40.479999,-88.954391,"One State Farm Plaza, Bloomington, IL 61710",
9a9f722f-736c-407e-a80d-2cff4cd6712b,eMortgageLogic,32.692016,-97.448364,"7612 Benbrook Parkway, Benbrook, TX 76126",http://www.emortgagelogic.com/
9b86641d-e470-4fb9-bb8c-0cee1dfe067f,The Rep Report,44.099169,-123.468389,Address Not Verified,https://therepreport.com/
9cfc4fad-ee27-43a6-9759-d46230805ee8,Virginia Transformer Corp.,37.291232,-79.890175,"220 Glade View Dr NE, Roanoke, VA 24012",
9d770bc9-061e-4f36-b270-627caf0fe3b5,Premier Claims,41.260452,-96.091081,"11406 Davenport St, Omaha, NE 68154",
9dcfbbec-a170-4520-ae0b-b806fd4bbcb3,Field Pros Direct,28.069949,-82.366651,"7320 E Fletcher Ave, Tampa, FL 33637",https://www.fieldprosdirect.com
9e0a49e3-1af8-4c49-9134-afc1360820fa,Millennium Information ServicesInc.,41.844156,-87.946196,"1100 Jorie Blvd, Suite 250, Oak Brook, IL 60523",http://www.millinfo.com
9e830884-0ef6-414e-a6a0-ab8283c3c8d5,Hayman Residential Engineering ServicesLLC,40.691831,-73.334671,"400 W Main St, Suite 210, Babylon, NY 11702",https://haymanengineering.com
9f55276c-952e-4af7-9aed-0a018129e2ca,True Footage,47.624974,-122.359653,"200 West Mercer Street, Suite 204, Seattle, WA 98119",https://truefootage.tech/
9fb5b782-190f-4062-8266-5072ef72973f,"H&S Loss Control Inspections, Inc.",27.99278,-82.547038,"5110 Eisenhower Boulevard, Suite 250, Tampa, FL 33634",https://www.hsreports.com/
a0366c33-81b6-489a-911a-a882943998ca,Compass Adjusting Services,32.751278,-97.082535,"1000 Ballpark Way, Suite 305, Arlington, TX 76011",https://compassadjustingservices.com
a0c1ff64-4875-4af0-baa1-7f7459fd8c66,Lerch Bates,39.539835,-104.85503,"9780 S Meridian Blvd, Suite 400, Englewood, CO 80112",https://www.lerchbates.com/
a0c60401-06dc-4879-97e6-1e813b2e6248,Bismark Mortgage,29.769745,-98.720078,"1580 S Main St, Suite 205, Boerne, TX 78006",https://bismarkmortgage.com/
a36f2539-620c-410d-a338-b1090785d281,Resolution Group,40.119103,-83.01451,"100 E Campus View Blvd, Suite 250, Columbus, OH 43235",https://www.resolutiongrp.com/
a37a0905-2e6c-4833-9146-0e6e3ab6139c,1st Choice MFS,30.15156,-96.257731,"2400 Hackberry Ln, Suite A, Bellville, TX 77418",https://www.1stchoicemfs.com/
a4068caf-2211-45ae-8ddf-72a700efab13,Reliable Reports,33.037453,-96.988813,"500 N State Hwy 121, Suite 100, Lewisville, TX 75057",https://www.reliablereports.com
a4c5db69-99ea-43ff-a41e-5243b1ecba2a,Verisk Insurance Solutions,40.727745,-74.035314,"545 Washington Boulevard, Jersey City, NJ 07310",https://www.verisk.com/
a4eb1cd9-08a5-4bfa-8d5b-557dec1ecdab,Accurate Evaluation Services Inc.,41.402573,-81.6641,"6000 Lombardo Center, Suite 610, Seven Hills, OH 44131",https://tag.accurategroup.com
a5958567-9fef-4bf1-bed8-aad694cb51d4,Dominion Due Diligence Group,37.511288,-77.678618,"201 Wylderose Dr, Midlothian, VA 23113",https://www.d3g.com/
a5a65e51-d3b7-4fbe-80db-8a79644b5903,AmeriSpec Chicago - Xperience Home Inspections,41.413109,-87.805755,"26233 S 80th Ave, Frankfort, IL 60423",https://www.amerispecchicago.com
a5bd9afd-2f67-44dd-a0fb-661e992d9b19,AOK Home Inspections,40.690677,-73.966527,"266 Washington Ave, Apt C, Brooklyn, NY 11205",https://www.aok-home.com
a6b3ffc4-01ac-4e58-8fef-31ea82f892e7,Xactus,32.922859,-96.997203,"3701 Regent Blvd, Suite 200, Irving, TX 75063",https://xactus.com/
a6e3a1e0-2bdc-4196-aa60-68fa882d92d5,Transmercial,39.117361,-76.969286,"2043 Spencerville Rd, Spencerville, MD 20868",http://transmercial.com
a6f8446a-d0d6-4887-92bd-8350b6b9c057,Elliott & Company Appraisers,35.956288,-79.996408,"708 Commerce Drive, Greensboro, NC 27407",https://www.elliottco.com
a85650e2-aca6-4279-bff7-56aaf4f4dddf,Appraisal Scope,42.559091,-83.115077,"2600 Bellingham Dr, Suite 100, Troy, MI 48083",https://class.appraisalscope.com
a87d3de1-e48e-4d20-8f48-dec0f8758d04,Field Connections,42.606954,-82.953665,"42211 Garfield Road, Suite 333, Clinton Township, MI 48038",https://www.fieldconnections.net/
a8cd06d3-4152-421e-84e4-c436a22699b9,Compliability Solutions LLC,44.099169,-123.468389,Address Not Verified,https://compliabilitysolutions.com
a98c8cf0-2970-428b-b5aa-27672dd59572,Opteon,40.056261,-75.669621,"300 Eagleview Blvd, Suite 100, Exton, PA 19341",https://opteonsolutions.com/
a9a44dee-446f-475c-bc95-395c17722eb6,Qualified Inspection Services,29.813142,-95.309789,"P.O. Box 34304, Houston, TX 77234",https://qis-tx.com/
a9cda97a-daca-49b8-892d-312d877b37d6,Xome Valuations,32.992427,-96.969734,"750 Highway 121 BYP, Suite 100, Lewisville, TX 75067",https://www.xome.com/valuations/
aaa51fd2-5469-4865-8c02-bc4b96933fae,Computer Evidence SpecialistsLLC,33.493873,-79.089048,"4668 Bus 17, Murrells Inlet, SC 29576",http://cesnb.com
aaf90269-9720-4d23-9bfe-9fb345961e43,Upwork,37.778612,-122.395284,"475 Brannan Street, Suite 430, San Francisco, CA 94107",https://www.upwork.com/
ab08bb63-9772-423d-bb1c-473c1c802af1,Sentinel Underwriting Review,35.173746,-106.591441,"4801 Lang Ave NE, Suite 110, Albuquerque, NM 87109",https://www.sentinelunderwriting.com/
ab262f2f-be9e-4943-9ed9-8b5f18f91b8c,PRO Inspection Service Solutions,26.410844,-80.124041,"5030 Champion Blvd, Ste G11-230, Boca Raton, FL 33496",https://proiss.com/
abb7d366-61aa-42f1-9dc9-a1928b0d610b,Richland Insurance Services,38.96118,-85.890194,"102 W 4th St, Seymour, IN 47274",https://www.richlandins.com/
abe5b0b7-e0da-4147-9298-42b8151b4d7a,VTM Field Services,36.303793,-119.375646,"P.O. Box 7016, Visalia, CA 93290",https://vtmfieldservice.com/
ac34a46d-b066-4075-8952-5635b5ffe789,Information Systems and Network,39.027764,-77.142984,"10411 Motor City Dr, Suite 700, Bethesda, MD 20817",https://www.isncorp.com
ac5df961-babd-4b57-b104-3fde935a89e5,Inspect SolutionsInc.,41.899571,-87.66119,"1000 N Milwaukee Ave, Suite 101, Chicago, IL 60642",http://www.inspectsolutions.com
aca33073-d296-45f8-b4c3-b5f3b9b45082,Leeway Inspections,32.771419,-97.291484,"P.O. Box 470477, Fort Worth, TX 76147",https://www.leewayinspections.com
ad56b5a9-b861-4dc1-b0cd-468ba1e5eac3,Lima One Capital,34.849357,-82.39741,"201 East McBee Avenue, Suite 300, Greenville, SC 29601",https://limaone.com/
adbf91a5-de31-4728-9d5e-adfe40b5f064,Asset Defense LLC,38.648432,-121.066252,"4641 Post Street, #5185, El Dorado Hills, CA 95762",https://www.assetdefense.org/
ae50305e-c9cc-43d0-81c7-aa6cf7d93841,Kryterion Inc,33.375953,-111.97396,"7776 S Pointe Pkwy W, Suite 200, Phoenix, AZ 85044",https://www.kryterion.com/
af4d16b6-af26-457f-ab20-e92b6222414c,US Insurance Audit,39.897479,-85.994807,"9801 Fall Creek Road, #214, Indianapolis, IN 46256",https://usinsuranceaudit.com/
af5aa7b2-8e72-4b9d-811a-2d4a285da813,McCrory and Williams,30.667927,-88.123282,"3207 International Drive, Suite G, Mobile, AL 36606",
b099dd72-8c8a-43f0-8116-29aa42fd5cc8,Signature Companies,38.781979,-77.561709,"6890 Wellington Rd, Manassas, VA 20109",https://www.signaturecompanies.com/
b18cc2cb-59b7-483b-8668-062d9ff86f4d,Western Field Services,33.752886,-116.055617,"P.O. Box 1150, Corona, CA 92878",http://www.westernfieldservices.com
b1919e43-6af4-47bc-832d-e9df2720debc,GroundWorks Inspection Services,29.785304,-95.568558,"10810 Katy Fwy, Suite 102, Houston, TX 77043",http://www.groundworks-inspections.com
b1d4950e-6de1-44d7-9b9a-c7db8a998c12,Insurance Audit Services,29.705294,-95.460089,"6800 West Loop South, Suite 500, Bellaire, TX 77401",https://www.insaudit.com/
b269f28d-195d-455c-bef1-e97f583dd95d,Spectrum Field Services,33.020629,-96.718724,"1255 West 15th Street, Suite 200, Plano, TX 75075",https://spectrumfsi.com
b27ec233-fd56-4a4b-b67a-762f54ecd275,National Risk Services,27.87684,-82.640891,"11400 4th St N, St. Petersburg, FL 33716",http://www.natrisk.com
b326a99e-bd4f-4f27-9184-bbacef15f42f,Photoinspections.com,37.696218,-121.74233,"4435 N First St, #353, Livermore, CA 94551",http://www.photoinspection.com
b3406119-6d70-441d-9fed-3140f5fad385,MB Field ServicesInc.,41.979485,-88.137167,"1300 Greenbrook Blvd, Suite 202, Hanover Park, IL 60133",https://www.mortgagebankersfs.com/
b3abfcf4-e945-49e5-aeb8-0e49df6b09c5,Wolverine Real Estate Services,42.578774,-83.281622,"4190 Telegraph Rd, Suite 3000, Bloomfield Hills, MI 48302",https://fieldinspection.com/
b3b59a9f-e6ba-4be7-9f8a-95d792e4685e,TopBuild,29.197878,-81.084755,"475 N Williamson Blvd, Daytona Beach, FL 32114",https://www.topbuild.com/
b3b5dd99-ae9f-4966-af5b-11242220f8c3,National Mortgage Field Services,32.451203,-83.821175,"575 Worthington Cir, Fort Valley, GA 31030",
b3f8f84f-ec71-4936-8b4c-0c126ecaf685,Valutrust Solutions,38.931093,-94.670713,"7300 W 110th Street, Suite 960, Overland Park, KS 66210",https://valutrust.com/
b48f5437-2505-4d3a-9b70-e2cd4747f951,KY Field Services,44.099169,-123.468389,Address Not Verified,
b4a875c3-5f3d-433d-aa54-0be2535d1e38,Cyprexx ServicesLLC,27.946626,-82.325086,"525 Grand Regency Blvd, Brandon, FL 33510",https://www.cyprexx.com
b5290afc-2ff9-4450-8d77-8bbe7ee5201a,Accu-Audits,40.161024,-79.509814,"P.O. Box 1073, Mount Pleasant, PA 15666",http://www.accu-audits.com
b5b8bbff-9590-4e35-ac27-4d04db86fa5b,Hancock Claims Consultants,34.108669,-84.20528,"6875 Shiloh Road East, Alpharetta, GA 30005",https://hancockclaims.com
b605426c-7b58-4d55-b4c5-5bc367386e5f,Majestic Service Co,40.520654,-74.279144,"Perth Amboy, NJ 08861",https://www.majesticservicecompany.com/
b6c560cb-28ef-4df6-bdb9-ca3fd77969c9,Boulder Housing Partners,40.06183,-105.282124,"4800 North Broadway, Boulder, CO 80304",
b70d0edf-b753-4651-941b-4d0f03f89d0d,Castle High Value (EXL Service),40.757603,-73.973994,"320 Park Avenue, 29th Floor, New York, NY 10022",https://www.exlservice.com/
b87c79b9-174d-45dc-a948-7741b5f06460,TechniPower,34.040454,-84.327606,"10 Mansell Court East, Suite 150, Roswell, GA 30076",https://www.technipower.com/
b8e4d9b5-d958-416e-a054-2d65cb53995a,Certified Mold Inspectors & Contractors Institute,28.381371,-82.677762,"15409 US Hwy 19, Hudson, FL 34667",http://www.certifiedmoldinspectors.com
b93509d5-5ea8-4a09-a1d3-dc70645ec5b9,UTS of Massachusetts Inc.,42.490612,-71.101005,"Five Richardson Lane, Stoneham, MA 02180",https://utsofmass.com/
b9aa058d-f4f5-4014-9bda-c5d776aa17d0,Cinch Home Services,26.389014,-80.10664,"4700 Exchange Ct, Ste 300, Boca Raton, FL 33431",https://www.cinchhomeservices.com
b9af294b-0904-4c2f-98e2-192ce2b886c2,CCIC North America Inc.,34.093651,-117.575336,"8835 Haven Ave, Rancho Cucamonga, CA 91730",https://www.ccicna.com/
b9f7d7d5-536a-4d75-a6cf-b5b858d0ae06,United Field Chase,26.352765,-80.115106,"1489 West Palmetto Park Road, Suite 460, Boca Raton, FL 33486",https://www.unitedfieldchase.com/
b9fb6d2e-94bf-4613-b7e6-0b022d4677e8,Regional Reporting,40.708128,-74.006525,"90 John Street, #702, New York, NY 10038",https://www.regionalreporting.com/
baa1fb02-6e1c-4a38-96a6-3f0ca54710d7,"Verisk Analytics, Inc.",40.727745,-74.035314,"545 Washington Boulevard, Jersey City, NJ 07310",https://www.verisk.com/
bb10974d-e347-4146-8d6d-b3b214f8ef2e,Accelerated Inspection Services,40.237645,-74.226397,"919 Route 33 (BR), Unit 46, Freehold, NJ 07728",http://www.acceleratedinspections.com
bd00f6e7-39dd-4127-8a81-ba34facdea08,Myamc,32.948809,-96.82647,"14801 Quorum Drive, Suite 260, Dallas, TX 75254",https://www.myamc.com
be025c31-877d-4388-9f15-58d91a012886,MSI,32.90905,-97.257878,"6032 Innovation Way, Fort Worth, TX 76244",https://www.msionline.com
be8aa1c8-05f4-4605-8063-9bd627723561,ACT Appraisal,42.15429,-88.114215,"1141 E Main St, Suite 102, East Dundee, IL 60118",https://www.actappraisal.com
bf3fdbce-565a-4bf9-9092-a9d8eb659f96,Northwest Construction Control,47.209445,-122.227319,"P.O. Box 1110, Sumner, WA 98390",https://trynorthwest.com
bf98f943-d1aa-49bc-bd43-68f198361c5a,Checkmate Inspections,36.204737,-81.624187,"4469 Bamboo Rd, Boone, NC 28607",https://www.checkmateinspections.com
c01b0366-7fb7-444b-884f-7b1a87489c79,AssetVal Management Inc.,39.121712,-108.537153,"805 North Crest Drive, Suite 101, Grand Junction, CO 81506",https://www.assetval.com
c04fef04-87c6-4e79-9bb1-fe29b1a85fc4,NOFSinc,41.404283,-81.929162,"5918 Porter Road, North Olmsted, OH 44070",https://nofsinc.com/
c08bd08c-de59-4588-8f9a-cdba2c76be0b,Street Delivery,42.812315,-70.872532,"44 Merrimac St, Newburyport, MA 01950",https://www.streetdelivery.com/
c0ce6846-5b56-4540-8c5f-33972cbcd352,US Best Repair Service,33.690426,-117.84644,"2004 McGaw Ave, Irvine, CA 92614",
c144e940-7c58-42d8-82de-6f6d575799a0,RESNET.,42.584644,-70.963811,"301 Newbury St, #111, Danvers, MA 01923",https://www.resnet.us/
c15af12d-2b0d-4fc3-8c64-b6b2eb744d2c,Southern Elite Field Services LLC,44.099169,-123.468389,Address Not Verified,http://soelitefs.com
c2b9d1c2-4a6c-400a-93ba-bdaab825ad04,HCP Property Inspection,33.619951,-112.445846,"17972 W Mauna Loa Lane, Surprise, AZ 85388",https://hcphomeinspection.com/
c367ea86-69b5-41d9-9c3c-e5b4e40772a4,Crown Field Services LLC,40.699638,-73.940271,"800 Broadway, Brooklyn, NY 11206",https://crownfieldservices.net/
c375a4a9-a02a-415a-85fc-768a49c72ed3,PCV Murcor,34.062478,-117.800765,"740 Corporate Center Drive, Pomona, CA 91768",https://www.pcvmurcor.com/
c449225c-d643-4308-b31d-f5b1391feaed,Ivueit,40.145164,-82.92254,"752 North State Street, Suite 224, Westerville, OH 43082",https://ivueit.com/
c4b4b941-d2ec-4785-9326-c081954b3a34,Pro Asset Services LLC,44.099169,-123.468389,Address Not Verified,https://proasset-llc.com/
c4f2ae00-9f52-4658-9adc-30a7f518abdd,RL Vantage Point LLC,44.099169,-123.468389,Address Not Verified,https://www.rlvantagepoint.com
c525c21a-918d-492f-a9fb-28bb1c3d6fbc,Cox and Smith,30.222351,-92.020659,"1005 Lafayette St, Lafayette, LA 70501",https://www.coxandsmith.com
c5aeaa17-1823-46f5-bf09-59404e506818,Complytraq,34.011219,-84.59705,"1640 Airport Road, Suite 115, Kennesaw, GA 30144",https://www.complytraq.com
c5ec614f-b75a-44d3-87d9-bc4f9ff40c58,Seek Now,38.29668,-85.542469,"3600 Chamberlain Lane, Suite 736, Louisville, KY 40241",
c612542a-0127-489f-aec5-961a10b864dc,vmysmartpros,44.099169,-123.468389,Address Not Verified,https://www.mysmartpros.com/
c6e59aaa-3838-4493-ac55-e512f8ba3904,Globespec,42.722531,-73.800878,"187 Wolf Road, Suite 300, Albany, NY 12205",https://www.globespec.com
c729a7f9-18c1-4526-8965-454d27f0372a,"McCrory & Williams, Inc.",30.667927,-88.123282,"3207 International Drive, Suite G, Mobile, AL 36606",https://mcwinc.com/
c7c83a97-70a8-4fae-ac97-c96e67f791d1,NAN AMC,28.146511,-82.755483,"123 E Tarpon Ave, Tarpon Springs, FL 34689",https://nan-amc.com/
c83f1d7d-789a-43c6-85eb-a024176a5053,Snapdocs,37.790311,-122.40212,"100 Montgomery St, Suite 2400, San Francisco, CA 94104",https://www.snapdocs.com/
c848a5d3-96ae-4b07-a54e-00aa8d3dc559,A2Z Field Services,40.119264,-83.190109,"7450 Industrial Pkwy, Ste 105, Plain City, OH 43064",https://a2zfieldservices.com/
c921e0da-e7c4-4bfd-8a94-8b5ac498d772,Harrison Legacy Solutions,39.917079,-86.108732,"8888 Keystone Crossing, Suite 1300, Indianapolis, IN 46240",https://www.harrisonlegacysolutions.com/
c9704f68-5045-4f1f-9da3-a6281dea825c,Clear Capital,39.527264,-119.808789,"300 E 2nd St, Suite 1405, Reno, NV 89501",https://www.clearcapital.com
c97bc48e-19d8-4d57-8bab-6d2892f583b4,24 Asset Management Corp.,25.729894,-80.407025,"13155 SW 42nd Street, Suite 200, Miami, FL 33175",https://www.24asset.com/
cb3fd996-6dbb-4ce3-8601-30a18b19fa7b,X Pros,44.099169,-123.468389,Address Not Verified,
cba02ac7-41a6-4a38-999c-6e40a9e73819,Wetherill Engineering,35.76347,-78.726114,"1223 Jones Franklin Road, Raleigh, NC 27606",
cbbabf4f-836c-4abb-a093-d66decf514c8,AFX Research,35.28152,-120.661447,"999 Monterey St, Suite 380, San Luis Obispo, CA 93401",https://www.afxllc.com/
cbc21318-5321-4c36-95da-0d81b2fb5801,Rimkus Consulting Group,29.789027,-95.601679,"12140 Wickchester Lane, Suite 300, Houston, TX 77079",https://rimkus.com/
cc6e6613-22aa-4488-b55d-ce3a8d39720d,Field Services Inc.,44.099169,-123.468389,Address Not Verified,https://careers-fdmfieldservices.icims.com
cc8725a9-2ba7-48bd-bf8b-21d0d3a3beac,LeaseInspection.com,44.099169,-123.468389,Address Not Verified,http://www.leaseinspection.com
cccf092a-e200-4560-a671-76c8f2cfd06a,National Creditors Connection,33.670202,-117.672101,"14 Orchard, Suite 200, Lake Forest, CA 92630",https://www.ncciservices.com
cd603753-dc25-43d7-a4af-a43ce79446f4,Distinguished Mortgage Services LLC,33.624945,-111.889545,"15333 N Pima Rd, Suite 305, Scottsdale, AZ 85260",
cd962d4c-43f7-4001-8a66-bef06bc95435,The Birdsey Group,33.851137,-84.379489,"3565 Piedmont Road NE, Building 4, Suite 460, Atlanta, GA 30305",https://birdseyconstruction.com/
cf590ff6-82ca-4126-b91a-d15b83f48838,Brookfield Global Relocation Services,42.329032,-83.039756,"200 Renaissance Center, Suite 2200, Detroit, MI 48243",https://www.brookfieldgrs.com/
cf9441fe-6e1f-4bef-b732-02d755eb1aa1,NMFS (National Mortgage Field Services),33.254191,-96.78524,"P.O. Box 88, Prosper, TX 75078",https://nmfs.com
cff8229d-5e63-4923-8143-020b5ee6946f,Nspektr,44.099169,-123.468389,Address Not Verified,https://nspektr.com/
d05295e5-3f92-44d8-9c0b-0e564d78c29c,Allegheny Inspections,40.665487,-80.1002,"100 Allegheny Dr, Suite 105, Warrendale, PA 15086",https://www.ainspections.com/
d08c7e26-e98f-494c-8242-863c9da52fd0,AiM Inspections,33.823777,-118.251201,"1250 E. 223rd St, Suite 117, Carson, CA 90745",https://homepage.aiminspections.com/
d0b4fae8-2e97-4ba8-807b-f7d16c22f5a1,ZVN Properties,41.456406,-81.493086,"2000 Auburn Drive, Suite 200, Beachwood, OH 44122",https://www.zvnproperties.com/
d0c09bac-4530-471a-a513-ec43f06da017,Sage Consulting Group,39.734428,-104.985977,"1140 Lincoln St, Suite 1010, Denver, CO 80203",http://www.sageconsulting.com
d0e2f89e-2a52-4b28-9715-5d3a72611280,"Urban Engineers, Inc.",39.947718,-75.149844,"530 Walnut Street, Philadelphia, PA 19106",https://www.urbanengineers.com/
d273ebbe-3156-4a19-943c-120d4581ef82,Turner Of The Century,40.755355,-74.000065,"66 Hudson Boulevard East, New York, NY 10001",https://www.turnerconstruction.com
d2c172dd-2f11-47f0-8035-5154153767af,Metropolitan Solutions,33.795677,-117.88954,"500 N State College Blvd, Suite 1100, Orange, CA 92868",http://www.metrosolutionsusa.com
d5bf0b90-bba0-454d-a7fe-f7add581482c,Bureau Veritas – Building Assessments & Project Management,26.144055,-80.340418,"1601 Sawgrass Corporate Pkwy, Suite 400, Fort Lauderdale, FL 33323",https://www.bvna.com/
d698f404-a160-43dd-9299-00602de62d6e,CBRE,32.791641,-96.80255,"2100 McKinney Avenue, Suite 1250, Dallas, TX 75201",https://www.cbre.com/
d6cf9d64-3126-44eb-a6c0-6255991a040b,East Coast Property ServicesLLC,44.099169,-123.468389,Address Not Verified,
d7ddb18e-a420-4f24-a4a6-9cb58cec2c66,Granite Loan Management,36.10731,-95.862445,"3840 S. 103rd E. Ave, Suite 100, Tulsa, OK 74146",https://www.graniteriskmanagement.com
d7f7f9fe-4b49-4c76-8b98-2d0a1af2e4f7,Midwest Technical Inspections,41.97424,-88.12938,"5555 Arlington Drive East, Hanover Park, IL 60133",https://www.mtinspections.com/
d865b05d-cde2-47c3-b287-7330dfcda8b1,Williams Field Services,36.058769,-95.861171,"10300 E 71st St, Suite 110, Tulsa, OK 74133",https://williamsfieldservices.com/
d8893415-db59-4c71-9da1-84654cf1d951,"Cartus (a division of Anywhere Real Estate, formerly Realogy)",41.382668,-73.532205,"100 Reserve Road, Danbury, CT 06810",https://cartus.com/
d9064798-bea0-4ec7-be94-c97f07d3ee44,Cal Inspection Bureau,34.156207,-118.642979,"23679 Calabasas Rd, Suite 333, Calabasas, CA 91302",https://calinspect.com/
d9f167c3-5143-40d7-bb86-ed6b0079feb0,Independent Field Connections,37.696218,-121.74233,"4435 N First St, #353, Livermore, CA 94551",https://ifconnects.com/
dac36cbc-0d8c-4f4d-b70b-d2e81d4bbef8,Preferred Reports,43.082951,-70.776691,"1000 Market St, Building 1, Suite 300, Portsmouth, NH 03801",http://www.preferredreports.com
dadde30f-fb0b-48f0-91af-1ca64f5e4e70,Douglas Guardian,29.782973,-95.609743,"14800 St. Mary's Ln, Suite 200, Houston, TX 77079",http://www.douglasguardian.com
dae99833-6d49-497e-bb61-f62f30c084f2,DISTINGUISHED MORTGAGE SERVICES LLC.,33.624945,-111.889545,"15333 N Pima Rd, Suite 305, Scottsdale, AZ 85260",https://www.distinguishedms.com
db0594a2-955a-4b5f-887c-d8dbf4909f71,American First AMC,33.583657,-111.92648,"10632 N. Scottsdale Rd, Suite 484, Scottsdale, AZ 85254",https://www.americanfirstamc.com/
db96f5c8-1134-4194-a0d9-0de5052b005b,WC Field Service,44.099169,-123.468389,Address Not Verified,
dbe35487-c0eb-47a2-a3a2-c21b6deaec82,Orkin,33.816204,-84.367333,"2170 Piedmont Road NE, Atlanta, GA 30324",
dbf01b46-d06a-4b95-b816-9c451052cc4d,VA Field Services,44.099169,-123.468389,Address Not Verified,https://vafieldservice.com/
dc72df18-6c3c-4d65-bd02-7e81a08fdb61,Castle High Value - segment of EXL,40.757603,-73.973994,"320 Park Avenue, 29th Floor, New York, NY 10022",https://www.exlservice.com/industries/insurance/survey-and-risk-control/castle-high-value
dcce7a90-49f9-4bf5-8c8c-8276f9a527ac,Southern Elite Field Services LLC,44.099169,-123.468389,Address Not Verified,http://soelitefs.com/
dddf6633-c7fb-41c2-8e09-6adcf7d846d7,RTR Services Inc.,44.91347,-123.021286,"2747 Pence Loop SE, Salem, OR 97302",https://www.rtrservices.com/
dde8f2fa-0a24-45f3-9f62-987a442d465f,Collateral Specialists,32.750532,-97.331145,"309 W 7th St, Suite 500, Fort Worth, TX 76102",https://www.csina.com/
de14d5ba-8156-4f66-88e3-08e39f42c6b3,RAL Inspection Services,27.87684,-82.640891,"11400 4th St N, St. Petersburg, FL 33716",http://www.ralis.com
def39a2d-122d-4c9d-a2ca-4639a5a462f8,Dart Appraisal,42.559091,-83.115077,"2600 Bellingham Dr, Suite 100, Troy, MI 48083",https://www.dartappraisal.com
df2f0af5-ded7-4573-894b-ddb1cf5732e4,Bold Control,29.705294,-95.460089,"6800 West Loop South, Suite 500, Bellaire, TX 77401",http://www.boldcontrol.com
df540665-cd08-4d02-a8ae-7f2d7212ae9f,LSCG (Life Safety Consulting Group),36.826896,-76.072585,"448 Viking Dr, Suite 190, Virginia Beach, VA 23452",https://www.lscg.com/
e056ef79-0853-4cbe-8a11-26d8c2ccbed5,CFS Field ServicesLLC,34.97453,-92.01653,"P.O. Box 716, Cabot, AR 72023",https://www.cfsinspection.com
e0fccc53-f6ac-4e02-8822-d9a2a1f7ba71,Guardian Appraiser,40.776557,-73.466009,"1120 Old Country Road, Plainview, NY 11803",https://www.guardianmortgageonline.com
e128e1ed-9230-44e5-8749-87c7b3e459d0,Your Virtual Adjuster,36.145644,-115.174473,"2300 West Sahara Ave, Suite 800, Las Vegas, NV 89102",https://www.yourvirtualadjuster.com/
e161ff9e-ebff-409d-ae89-653d6a4585c0,Field Asset Reporting,39.525749,-119.813051,"P.O. Box 17113, Reno, NV 89511",
e164de2f-66ee-4104-b679-f27ed9e3ad84,Altisource/Construction Risk Management - Granite,34.058699,-84.290254,"2300 Lakeview Parkway, Suite 700, Alpharetta, GA 30009",http://www.altisource.com
e39309d8-efbf-43df-a923-b8927608020a,"Building & Earth Sciences, Inc.",33.504015,-86.814841,"1110 3rd Avenue South, Birmingham, AL 35233",https://www.buildingandearth.com/
e422056a-a4a5-4de7-abf0-b5970b8b3b63,AMC Links,39.746769,-75.550836,"1000 N. West Street, Suite 1200, Wilmington, DE 19801",http://www.amclinks.com
e44683e5-8b96-43ab-9eda-df1c6b386e5c,URBAN ENGINEERS INC,0,0,,
e6fbe18b-cb13-4f47-94d5-53272235f2fa,WNS North America,40.715854,-74.033397,"15 Exchange Pl, Jersey City, NJ 07302",https://www.wns.com/
e7379e3d-481d-43de-be5e-a8c8d4ce959d,Partner Enginerring & Science,33.836198,-118.320649,"2154 Torrance Blvd, Suite 200, Torrance, CA 90501",https://www.partneresi.com
e9f12b68-c3eb-4da1-9e2d-4973b85332e8,Aremco Inc.,40.900997,-74.6382,"200 Valley Rd, Suite 201, Mt. Arlington, NJ 07856",https://www.aremco.us/
eb7971e0-dfb4-4bfb-9c1f-426c0f9df5ab,LSCG,0,0,,
eb8c3622-2666-4dbc-b3a0-8f618e5dc241,Simple Inspections,35.07523,-89.856139,"2650 Ridgeway Rd, Memphis, TN 38119",https://simpleinspection.com/
ebe85f75-2b54-4f46-bea3-931c334baf7d,Inspections Done Right LLC.,34.14979,-118.135812,"711 E Walnut St, Suite 305, Pasadena, CA 91101",https://www.inspectionsdoneright.biz/
ec0e95bb-9c09-4c31-9926-b49f1d1d536c,Genuinsight LLC,44.275702,-88.370856,"P.O. Box 1632, Appleton, WI 54912",https://www.genuinsight.com
ed3b73dc-74a2-4278-9c6b-81dbe5821889,AMC Settlement Services,40.50205,-80.21135,"345 Rouser Road, Suite 200, Moon Township, PA 15108",http://www.amcssc.com
ed773638-abbd-4072-9e9e-9300c372b839,Mueller Reports,42.982603,-78.90898,"69 Cooper Avenue, Tonawanda, NY 14150",https://www2.muellerreports.com/
edad380a-e8b4-4612-b371-6f58e835229e,Beagle Labs,39.748529,-75.547667,"1209 Orange St, Wilmington, DE 19801",https://www.beaglelabs.ai/
eef8839f-df57-4150-b6b8-05a956740607,Top Tier Public Adjusters,44.099169,-123.468389,Address Not Verified,
ef22243c-0462-4630-960e-bdbbcf56f3fc,Wolverine Inspections,42.578774,-83.281622,"4190 Telegraph Rd, Suite 3000, Bloomfield Hills, MI 48302",https://wolverineinspections.com/
efcf34cb-44b8-4c0e-9485-e68b4e8043fa,Landgorilla,35.28027,-120.661137,"1150 Mar Vista Dr, San Luis Obispo, CA 93401",https://landgorilla.com
efeeaa5c-585e-4fa8-99f2-9ff9ea071292,Kimley-Horn,35.774417,-78.639367,"421 Fayetteville St, Suite 600, Raleigh, NC 27601",
f0ceef4b-a8c0-433d-a2ea-bbd6d512d7e1,Xceedance,42.320377,-71.58591,"225 Cedar Hill Street, Suite 200, Marlborough, MA 01752",https://www.xceedance.com/
f227548a-7171-4627-8704-74adc7578414,Davies Group,30.237991,-81.625052,"P.O. Box 110259, Lakewood Ranch, FL 34211",https://davies-group.com/northamerica/
f2719583-035f-454f-b80b-baca778b9dae,Mutual Inspection Bureau,40.336113,-76.83368,"2217 Forest Hills Drive, Suite 1, Harrisburg, PA 17112",http://www.mibinc.com/
f2cb1179-df07-466c-905d-9965a33ea496,Accelerated Appraisal Group,40.076006,-75.413633,"487 Devon Park Dr, Suite 216, Wayne, PA 19087",https://www.aag-amc.com
f3bb6f4c-008f-47b1-902a-2576c7e01493,National Insurance Advocates,26.187144,-80.193448,"3363 W Commercial Blvd, Suite 105, Fort Lauderdale, FL 33309",
f426c78d-4a74-48af-b3cd-b2e9a6a6dfcd,NYC Housing Authority,40.71289,-74.007584,"250 Broadway, New York, NY 10007",
f560395d-f1e6-4e7e-b931-638841ceb62d,NRG Energy,40.32374,-74.649213,"804 Carnegie Center, Princeton, NJ 08540",https://www.nrg.com/
f5954ba2-8c7d-49e0-a0d7-a8d7b4361441,remotenow.mysmartpros,44.099169,-123.468389,Address Not Verified,
f5d358f1-2a60-4fbb-bffd-36cdf7f48677,Alacrity Solutions,38.447553,-122.732113,"1235 North Dutton Avenue, Suite E, Santa Rosa, CA 95401",https://www.alacritysolutions.com/
f60c6f96-9b20-4fbc-b54f-75d90df0cdd2,F.R.R.S.C LLC,44.099169,-123.468389,Address Not Verified,
f650877d-d0e4-4098-aa48-b22c85bc8b45,Better Talent,30.334403,-97.683162,"1606 Headway Circle, Suite 9205, Austin, TX 78754",https://bettertalent.com/
f68ae9ea-493b-49c2-aee0-f75e922a263c,Lowry & Associates,40.579404,-111.904649,"9480 South 500 West, Sandy, UT 84070",https://lowryinc.com
f6c8e6dc-b4c6-4a0b-99bc-089eff1b6a88,Bureau Veritas Building Assessments & Project...,0,0,,https://www.bureauveritas.com
f7863785-92b9-4eb6-ac5b-3e91d02dd5f7,First Allegiance,40.139224,-74.225064,"4600 Highway 9, Howell, NJ 07731",https://www.firstallegiance.com/
fa493854-1525-4513-aa60-3cb7f5e9ca79,Pivot Workforce,32.931945,-96.840383,"4100 Alpha Rd, Suite 200, Dallas, TX 75244",https://www.pivotworkforce.com/
faff2c4c-81d7-4668-9e08-a28ac352c274,Field Agent,36.058885,-94.162207,"205 W South St, Fayetteville, AR 72701",https://www.fieldagent.net/
fb4f72dd-8135-4e5d-b592-c7521e8c92e0,The Home Depot,33.865456,-84.481491,"2455 Paces Ferry Road NW, Atlanta, GA 30339",https://www.homedepot.com/
fb94738a-0ac7-4887-bff4-74908440932a,Service Commitment Integrity Inspections,33.877753,-117.73109,"23001 La Palma Avenue, Suite 120, Yorba Linda, CA 92887",https://www.sciinspection.com/
fc3d216d-60f2-4d0b-88cc-c51c37d4e45b,SDMyers,41.096298,-81.442783,"180 South Avenue, Tallmadge, OH 44278",
fc3d9503-10c0-4853-9a6e-ec07034e9457,Equator,34.058699,-84.290254,"2300 Lakeview Parkway, Suite 700, Alpharetta, GA 30009",https://www.equator.com/
fcc9fa53-5e0c-4799-a9c0-352013da6494,Seer Insurance InspectionsInc.,38.950051,-94.741595,"13426 W 99th St, Lenexa, KS 66215",https://seeronsite.com
fe24c6ec-1eaf-47d4-916e-d256e08177f0,WayPoint Inspection Services,27.973409,-82.336464,"3220 Parkside Center Cir, Tampa, FL 33619",https://waypointinspection.com/naca-inspection/
fe43a351-af2a-4ccb-bf0f-779d717038f7,Field Services UnlimitedInc,43.066538,-92.685633,"1215 Gilbert St, Charles City, IA 50616",http://www.fsusurveyor.com
fea7b0bb-0230-4aa4-978a-19e68dae127d,Property And Casualty Surveys SW,32.963429,-96.818149,"15400 Knoll Trail Dr, Suite 500, Dallas, TX 75248",https://www.pcs-sw.com/
ff3de783-1ec4-4ade-9f9a-f3a0970e4e77,One Guard Inspections (Automotive Inspector),33.671236,-112.100736,"20410 N 19th Ave, Suite 200, Phoenix, AZ 85027",
ffb8b3c3-f6e2-43f7-8ea8-bf44fd9e049c,JGM Property Group,42.698604,-83.037535,"7747 25 Mile Rd ste 104, Macomb County, MI 48316",https://jgmpropertygroup.com
,Sure Guard Property Inspections,33.907799,-84.479121,"1870 The Exchange SE Ste 220
 Atlanta, GA 30339-2171",https://www.sureguardpropertyinspections.com/